	0
llc	16824
s	6193
corporation	5233
limited	5182
gmbh	5069
l	4650
technology	4624
technologies	4387
amp	4376
systems	3064
r	2764
company	2642
university	2555
j	2240
international	2138
c	2126
p	2033
b	1995
v	1958
m	1937
research	1903
e	1878
michael	1863
d	1859
john	1821
medical	1807
david	1727
corp	1628
solutions	1618
group	1568
ag	1532
robert	1487
james	1482
products	1468
pty	1383
holdings	1367
institute	1339
kg	1220
industries	1194
ab	1187
w	1033
william	1016
thomas	1016
energy	986
jr	969
engineering	953
g	890
services	882
t	876
richard	874
national	858
h	853
electronics	851
lee	828
paul	827
joseph	825
manufacturing	799
mark	789
o	777
k	767
development	764
america	758
daniel	754
power	734
holding	714
foundation	712
science	694
pharmaceuticals	690
tech	688
industry	671
ip	661
f	653
innovations	652
industrial	647
n	638
incorporated	637
global	627
electric	584
scott	569
advanced	566
charles	557
sciences	557
chen	557
peter	556
steven	549
sa	545
oy	541
health	540
therapeutics	534
shenzhen	530
christopher	525
enterprises	519
design	506
usa	492
brian	487
andrew	484
jeffrey	482
shanghai	474
united	471
et	467
pte	457
stephen	457
pharma	452
center	450
equipment	434
edward	431
software	419
chemical	418
new	416
beijing	414
martin	412
anthony	407
matthew	404
kim	395
semiconductor	390
kevin	389
pharmaceutical	389
wang	383
labs	380
george	379
laboratories	374
u	374
state	363
smith	360
la	360
materials	360
iii	359
communications	359
eric	355
kenneth	352
china	351
electronic	351
states	350
johnson	348
networks	346
canada	345
patrick	345
donald	342
alan	339
innovation	337
und	336
gary	335
management	329
alexander	327
ronald	327
lin	325
kaisha	323
li	322
timothy	319
douglas	317
korea	315
chang	312
associates	304
gregory	303
precision	303
automotive	302
universite	299
intellectual	298
yu	295
bio	292
scientific	291
represented	291
academy	285
kabushiki	284
media	278
frank	277
institut	275
security	274
jason	272
centre	271
north	270
lp	268
biotech	268
enterprise	267
green	267
jonathan	264
allen	262
aps	260
ii	258
cooperation	257
sas	255
yang	251
machinery	247
instruments	247
lighting	245
air	243
cheng	243
digital	240
american	238
property	237
board	233
mobile	232
liu	231
japan	231
uk	230
control	229
huang	227
van	225
innovative	224
wayne	222
y	221
gesellschaft	221
devices	220
young	219
imaging	218
hospital	215
information	214
dennis	213
wu	213
secretary	211
bruce	210
henry	210
jones	207
europe	207
general	206
hong	206
sr	205
business	204
tools	204
taiwan	204
king	204
ryan	203
fur	202
keith	201
automation	201
water	200
life	200
consulting	198
jose	198
brown	196
recherche	196
lawrence	195
biosciences	195
sun	193
applied	192
craig	191
ventures	191
roger	189
ming	188
miller	188
jean	188
nippon	187
france	186
mfg	186
biotechnology	185
chung	185
wei	185
des	184
vision	183
wireless	182
trust	181
metal	181
nicholas	180
environmental	180
sports	180
carl	180
todd	179
oil	179
safety	178
russell	177
raymond	177
larry	177
di	177
adam	176
network	176
chinese	176
williams	176
surgical	174
park	173
packaging	173
micro	173
davis	173
com	170
benjamin	170
philip	170
al	170
solar	169
healthcare	168
diagnostics	167
zhejiang	167
ray	166
walter	165
zhang	164
nv	164
biomedical	164
steel	163
machine	163
der	162
universitat	159
partners	159
chemicals	158
samuel	158
service	157
department	156
chi	156
tool	156
data	156
suzhou	156
howard	155
dong	155
controls	154
jin	153
australia	153
hitachi	151
z	151
smart	151
care	151
steve	151
louis	150
ho	148
wilson	147
albert	147
srl	147
dean	146
plastics	146
academic	145
resources	145
yi	145
college	145
taylor	145
jack	144
works	144
gordon	144
societe	144
singapore	143
licensing	143
construction	143
arthur	143
anderson	142
white	142
motor	141
regents	141
roy	141
ann	141
components	141
marine	140
ltda	140
material	140
mbh	140
dynamics	140
jay	140
optical	140
kogyo	138
integrated	138
vincent	137
llp	137
wen	137
chun	136
star	136
christian	136
concepts	135
jerry	135
display	135
marie	134
aaron	134
antonio	133
dale	133
private	133
optoelectronics	133
designs	132
patent	132
joshua	132
st	131
bryan	131
mitsubishi	130
justin	129
elizabeth	129
francis	129
jung	129
operations	129
yuan	128
eugene	128
laboratory	128
han	128
plc	127
victor	127
israel	127
samsung	127
investments	126
human	126
chris	125
carlos	124
pacific	123
hangzhou	122
education	122
barry	122
chin	122
kelly	122
en	122
fu	121
gas	121
technical	121
max	121
clark	121
aerospace	120
terry	120
west	119
optics	119
pvt	119
world	119
sarl	118
dongguan	118
machines	118
ben	117
paris	117
lynn	117
blue	116
lab	116
harris	116
high	116
nelson	116
karl	115
bradley	115
guangzhou	114
intelligent	114
lewis	114
mary	114
ningbo	114
dan	113
arizona	113
electrical	113
performance	113
gerald	113
space	112
frederick	112
hung	112
dr	110
robotics	110
bv	110
medicine	110
energie	109
shin	109
federal	109
marketing	109
kong	109
deutschland	109
sheng	109
ian	108
cancer	108
computer	108
marc	107
thompson	107
energies	107
petroleum	106
jennifer	106
nano	106
hill	105
maria	105
sp	105
mitchell	105
fuer	105
texas	105
pierre	104
ching	104
jon	104
entertainment	104
ali	104
microelectronics	103
bioscience	102
nanjing	102
trustees	102
plastic	101
photonics	101
jacob	101
supply	101
joel	101
jeff	101
protection	101
liability	100
zur	100
alex	100
sumitomo	100
ireland	100
stanley	100
glass	99
sean	99
siemens	99
phillip	99
properties	99
jiangsu	99
baker	99
food	99
partnership	99
min	98
xiamen	98
leonard	98
long	98
glenn	98
ralph	98
hsu	98
lu	98
ge	97
neil	97
curtis	97
aux	97
city	97
asia	96
york	96
mining	96
x	96
chien	96
fuel	96
spa	96
interactive	96
sung	96
chih	95
communication	95
silicon	95
yong	95
jeremy	95
light	95
dental	94
clean	94
kumar	94
don	94
kuo	94
defense	94
atomique	94
process	94
se	94
ross	93
stewart	93
brands	93
zhou	93
guangdong	93
luis	93
shen	92
capital	92
alternatives	91
hall	91
boe	91
susan	91
chan	91
harold	90
zentrum	90
kent	90
bernard	90
feng	90
aktiengesellschaft	90
tsai	90
liang	90
sang	90
agency	89
black	89
garcia	89
cell	89
morgan	88
du	88
commissariat	88
simon	88
san	88
parker	87
ve	87
laser	87
behalf	87
saint	87
nathan	87
tec	87
americas	86
claude	86
vladimir	86
product	86
le	86
toyota	85
agricultural	85
del	85
brent	85
randy	85
jackson	85
randall	85
germany	84
biopharma	84
home	84
su	84
lisa	84
gene	84
warren	84
xu	84
pour	84
worldwide	84
california	83
joe	83
investment	83
hi	83
juan	83
specialty	83
hans	83
creative	83
bhd	82
karen	82
jan	82
allan	82
norman	82
heavy	82
wright	82
motion	82
marshall	82
office	81
telecommunications	81
nuclear	81
metals	81
access	81
eco	81
panasonic	81
trading	81
fisher	80
choi	80
pro	80
moore	80
telecom	80
cooper	80
universitaet	80
sdn	80
jun	80
da	80
lg	79
drilling	79
greg	79
safe	79
wuhan	79
stmicroelectronics	79
mike	79
sony	79
alpha	79
gaming	78
universal	78
universita	78
toshiba	78
solution	78
florida	77
division	77
lai	77
q	77
audio	77
wind	77
italia	77
south	77
forschung	77
graham	77
electro	76
brandon	76
flow	76
ken	76
mohammad	76
association	76
andre	75
school	75
chad	75
hu	75
acquisition	75
phillips	74
campbell	74
ontario	74
wood	74
jordan	74
erik	74
michel	74
hui	74
shih	74
singh	74
linda	73
building	73
technologie	73
fuji	73
bell	73
stuart	73
molecular	73
travis	73
composites	73
red	73
adams	72
roberts	72
hunter	72
franklin	72
storage	72
grant	72
hua	72
cable	72
guy	72
yen	71
fred	71
walker	71
applications	71
tom	71
technische	71
southern	71
spine	71
robinson	71
logic	71
instituto	71
tokyo	71
centro	71
arnold	71
stone	71
alfred	71
theodore	71
kyle	70
studi	70
roberto	70
hamilton	70
public	70
central	70
natural	69
tai	69
ping	69
production	69
carbon	69
sweden	69
chia	69
point	69
universidad	68
agriculture	68
morris	68
higher	68
ocean	68
kurt	68
leslie	68
engineered	67
shawn	67
kang	67
martinez	67
jesse	67
bvba	67
shandong	66
jae	66
biosystems	66
device	66
ericsson	66
schneider	66
degli	66
wave	66
austin	66
diamond	66
earl	66
grid	65
song	65
brett	65
sante	65
mario	65
tianjin	65
wong	65
el	65
evans	65
great	65
plus	65
alliance	65
andreas	65
manuel	65
joint	64
tim	64
murphy	64
genomics	64
3d	64
neal	64
zhuhai	64
delta	64
sam	63
custom	63
jorge	63
yung	63
shane	63
soo	63
dana	63
patricia	63
alberto	62
il	62
cohen	62
mechanical	62
polymers	62
opto	62
rock	62
mei	62
sales	62
foods	62
cho	62
chou	62
stock	62
gear	61
family	61
publ	61
gonzalez	61
fraunhofer	61
dow	61
oliver	61
reed	61
ward	61
chuan	61
rogers	61
tek	61
auto	61
hardware	61
institutes	61
med	61
herbert	61
jiang	61
army	60
murray	60
instrument	60
nguyen	60
deutsches	60
quantum	60
patents	60
western	60
fitness	60
ind	60
cook	60
tang	60
hao	60
nancy	60
perry	60
tony	60
bennett	60
anonyme	59
rick	59
golf	59
phoenix	59
universidade	59
chu	59
foster	59
univeristy	59
leon	59
troy	59
earth	59
thermal	59
industrie	59
hk	59
fund	59
ecole	59
anne	59
marvin	59
biotechnologies	59
tyler	58
hyun	58
robin	58
council	58
scientifique	58
barbara	58
lopez	58
rodney	58
sensors	58
johannes	58
societa	58
pet	58
india	58
lock	58
test	57
lloyd	57
polymer	57
glen	57
harry	57
jerome	57
spectrum	57
oilfield	57
ron	57
miguel	57
chao	57
airbus	57
leo	57
xi	57
derek	57
hsin	57
hee	57
kai	57
cameron	57
bosch	57
iv	56
boston	56
liao	56
stefan	56
special	56
parts	56
man	56
wesley	56
rodriguez	56
affairs	56
organization	56
clifford	56
commercial	56
brooks	56
jeong	56
geoffrey	56
cambridge	56
sound	56
ford	55
michelle	55
rubber	55
fluid	55
gray	55
pan	55
ma	55
bank	55
tyco	55
marcus	55
perez	55
les	55
brad	55
edge	55
yan	55
laura	55
tung	55
won	55
yao	54
core	54
patel	54
hansen	54
marco	54
royal	54
children	54
hughes	54
future	54
dynamic	54
bayer	54
techno	54
friedrich	54
mobility	54
yun	54
jong	54
angewandten	54
harvey	54
schmidt	54
carter	54
collins	53
ernest	53
eye	53
companies	53
fang	53
edwin	53
woo	53
von	53
meyer	53
harrison	53
kft	53
image	53
analytics	53
tsung	53
gerard	53
crystal	53
government	53
real	53
consultants	53
mohammed	52
composite	52
chongqing	52
ting	52
roland	52
corporate	52
magna	52
luxembourg	52
coatings	52
werke	52
wire	52
coporation	52
distribution	52
hsieh	52
gabriel	51
chengdu	51
ying	51
ling	51
source	51
reynolds	51
te	51
rose	51
plant	51
environment	51
anna	51
grace	51
weber	51
sk	51
hyundai	51
valley	51
discovery	51
fox	51
georges	51
bay	50
shan	50
superior	50
industria	50
jensen	50
aviation	50
zhao	50
shaw	50
time	50
wagner	50
turner	50
offshore	50
thyssenkrupp	50
id	50
valve	50
led	50
changzhou	50
transfer	50
gobain	50
appliances	50
philips	50
signal	50
watson	50
liquide	49
switzerland	49
northern	49
motors	49
christine	49
kyung	49
georg	49
hochschule	49
spencer	48
carol	48
oh	48
fiber	48
jen	48
seiko	48
outdoor	48
angel	48
battery	48
wolf	48
investigacion	48
compagnie	48
printing	48
adrian	48
ivan	48
military	48
wallace	48
surface	48
sport	48
kennedy	48
catherine	48
best	48
packard	47
chieh	47
nec	47
cloud	47
zhu	47
line	47
helmholtz	47
lo	47
systeme	47
oregon	47
quality	47
vascular	47
georgia	47
paper	47
engine	47
vehicle	47
appliance	47
bright	47
foerderung	47
transportation	47
secure	47
big	47
video	47
financial	47
nacional	46
hydro	46
corning	46
sea	46
carolina	46
intelligence	46
tactical	46
body	46
continental	46
hsien	46
ji	46
processing	46
right	46
tan	46
house	46
defence	46
ricardo	46
navy	46
mason	46
golden	46
valeo	46
factory	46
standard	46
net	46
link	46
minerals	46
genetics	46
yin	46
elektronik	46
physics	46
bae	46
igor	45
computing	45
jim	45
exploitation	45
javier	45
ar	45
wade	45
crane	45
hewlett	45
river	45
sigma	45
peterson	45
virtual	45
shu	45
studio	45
diane	45
kunshan	45
branch	45
optronics	45
jeffery	45
pioneer	45
sky	45
voor	45
seth	44
consumer	44
commonwealth	44
east	44
games	44
evan	44
eduardo	44
andrea	44
julian	44
illinois	44
ted	44
fundacio	44
universiteit	44
mohamed	44
rail	44
darren	44
omega	44
myers	44
ki	44
memory	44
duane	44
chiu	44
emerson	44
ko	44
ticaret	44
cox	43
donna	43
maschinenbau	43
biological	43
asahi	43
alberta	43
kirk	43
nihon	43
productions	43
sensor	43
open	43
rebecca	43
fischer	43
institution	43
colin	43
fernando	43
lyon	43
lite	43
lane	43
brasil	43
kathleen	43
fine	43
venture	43
roche	42
francois	42
blake	42
franz	42
atlas	42
heat	42
iron	42
bailey	42
angelo	42
berlin	42
etude	42
butler	42
door	42
kun	42
nova	42
owen	42
recherches	42
yeh	42
hsiang	42
commerce	42
danny	42
hauser	42
master	42
art	42
sanayi	42
lance	42
deborah	42
automobile	42
moon	42
isaac	42
queen	42
netherlands	42
tecnologia	42
shi	41
luke	41
ellis	41
administration	41
lc	41
trinity	41
price	41
magnetics	41
dell	41
rite	41
wolfgang	41
total	41
inventions	41
francisco	41
jude	41
eagle	41
lam	41
sharon	41
wuxi	41
semiconductors	41
newman	41
transport	41
oxford	40
manufacture	40
biologics	40
technik	40
microsystems	40
jang	40
maurice	40
ju	40
swiss	40
obschestvo	40
zachary	40
jacobs	40
im	40
developments	40
furniture	40
mills	40
dept	40
incorporation	40
kay	40
edwards	40
es	39
developpement	39
ulrich	39
sandra	39
gilbert	39
denki	39
fernandez	39
michele	39
ai	39
leland	39
lung	39
haas	39
leibniz	39
jesus	39
trade	39
yoon	39
rockwell	39
recovery	39
virginia	39
peng	39
becker	39
ashley	39
pharm	39
indian	39
chem	39
farm	39
force	39
hwang	39
rafael	39
bo	39
animal	39
stanford	39
sl	39
active	38
island	38
operating	38
rene	38
ou	38
maschinenfabrik	38
music	38
klein	38
learning	38
medicale	38
thomson	38
corey	38
veterans	38
belgium	38
sharp	38
maschinen	38
systemes	38
union	38
jui	38
reid	38
felix	38
hunt	38
nevada	38
ahmad	38
resource	38
seoul	38
way	38
minolta	38
burton	38
authority	38
gold	38
kwang	38
lenovo	38
container	38
mueller	38
european	38
instytut	38
jenkins	38
noel	38
logistics	38
wilhelm	38
stevens	38
kimberly	38
ulc	38
detection	38
ahmed	37
sons	37
ludwig	37
shannon	37
woods	37
dae	37
markus	37
good	37
tseng	37
denis	37
hernandez	37
perfect	37
trustee	37
medtronic	37
oyj	37
aircraft	37
reza	37
hugh	37
royce	37
austria	37
nih	37
calvin	37
aktiebolag	37
focus	37
tien	37
otto	37
webb	37
guan	37
box	37
nutrition	37
guo	37
clear	36
aero	36
knight	36
boris	36
chemie	36
franco	36
wai	36
holland	36
abbott	36
graphics	36
visual	36
living	36
sarah	36
meng	36
garrett	36
hunan	36
techniques	36
apex	36
ministry	36
laurence	36
genesis	36
abdullah	36
canon	36
oscar	36
ing	36
denise	36
columbia	36
tae	36
unlimited	36
renewable	36
zheng	36
outdoors	36
mountain	36
jia	36
washington	36
powell	36
werner	36
solid	36
etudes	36
fan	36
par	36
acting	36
cummins	36
specialties	36
aluminum	36
procedes	35
kasei	35
tobacco	35
klaus	35
finance	35
sergey	35
microsoft	35
biopharmaceuticals	35
chiang	35
chemistry	35
express	35
josef	35
mogul	35
noble	35
forest	35
bin	35
support	35
silver	35
seisakusho	35
honda	35
armstrong	35
toyo	35
palmer	35
ta	35
cardiovascular	35
cruz	35
eaton	35
microwave	35
tracy	35
muller	35
brose	35
melissa	35
clinical	35
stephan	35
konica	35
nicole	35
bruno	34
lift	34
true	34
rex	34
paolo	34
em	34
warner	34
po	34
wall	34
wells	34
stephanie	34
zeiss	34
project	34
beth	34
roman	34
julie	34
burke	34
clinton	34
burns	34
nam	34
quebec	34
asa	34
zhong	34
bauer	34
connor	34
schwartz	34
melvin	34
coleman	34
forderung	34
aeronautics	34
silva	34
jane	34
gross	34
gil	34
daniels	34
filter	34
salvatore	34
anton	34
boyd	34
malcolm	34
welding	34
educational	33
turbine	33
concept	33
jian	33
sullivan	33
qingdao	33
hanson	33
diagnostic	33
jared	33
color	33
displays	33
richardson	33
dustin	33
keller	33
dai	33
kao	33
cie	33
dave	33
british	33
insurance	33
liquid	33
nan	33
endress	33
sanchez	33
giuseppe	33
lm	33
ceramics	33
plasma	33
engineers	33
amy	33
casey	33
margaret	33
torres	33
vernon	33
louise	33
view	33
harman	33
michigan	33
spring	33
brien	33
arms	33
porter	33
unico	33
abraham	33
matt	33
measurement	33
pamela	32
bar	32
alejandro	32
angela	32
analysis	32
massachusetts	32
kgaa	32
ha	32
accessories	32
marvell	32
premier	32
wing	32
hybrid	32
seal	32
flex	32
pedro	32
socio	32
bryant	32
eun	32
cross	32
italiana	32
jessica	32
jimmy	32
powertrain	32
nathaniel	32
comercio	32
cnrs	32
orthopedics	32
doug	32
key	32
onderzoek	32
gregg	32
junior	32
hai	32
rao	32
cole	32
fast	32
investigaciones	32
shah	32
titan	32
super	32
engines	32
fundacion	32
subsea	32
wissenschaften	32
rice	32
mechanics	32
jo	32
hefei	32
leroy	32
baby	32
tel	32
wan	32
huawei	32
moshe	32
christoph	32
simmons	32
direct	31
mitsui	31
basf	31
sirketi	31
concrete	31
atomic	31
fusion	31
mao	31
edgar	31
planck	31
land	31
gm	31
yonsei	31
analytical	31
touch	31
aqua	31
gupta	31
khan	31
energia	31
tong	31
chuang	31
testing	31
tucker	31
berry	31
biology	31
petrochemical	31
sci	31
ohg	31
sensing	31
advance	31
urban	31
schultz	31
filtration	31
thermo	31
jing	31
nederland	31
diaz	31
hudson	31
administrator	31
pi	30
jacques	30
lang	30
kwon	30
rolls	30
trevor	30
brothers	30
robertson	30
field	30
structures	30
braun	30
duncan	30
brand	30
jie	30
pin	30
dunn	30
inserm	30
qualcomm	30
showa	30
floyd	30
munchen	30
lori	30
forschungszentrum	30
retail	30
acoustics	30
leuven	30
ye	30
magnetic	30
suk	30
crawford	30
darryl	30
atlantic	30
truck	30
garden	30
snyder	30
zurich	30
suisse	30
radio	30
brenda	30
multi	30
industrielle	30
clayton	30
hwa	30
laval	30
osaka	30
telefonaktiebolaget	30
carlson	30
hwan	30
cynthia	30
ice	29
huizhou	29
seung	29
sierra	29
richards	29
beauty	29
ortho	29
heather	29
hsiao	29
quest	29
little	29
cyber	29
lucas	29
hermann	29
philippe	29
ideas	29
stiftung	29
sebastian	29
fujian	29
arts	29
assets	29
lim	29
superieure	29
xin	29
herman	29
riley	29
gerhard	29
olson	29
seed	29
mi	29
nigel	29
ion	29
insight	29
abb	29
qi	29
shenyang	29
circuit	29
century	29
adaptive	29
exchange	29
sinopec	29
son	29
prime	29
gore	29
alfa	29
nokia	29
professional	29
kuang	29
planet	29
tree	29
rong	29
wise	29
integration	29
mann	29
debra	29
miles	29
projects	29
gardner	29
sud	29
modern	28
sanders	28
action	28
ball	28
louisiana	28
pure	28
gea	28
mayer	28
internet	28
pipe	28
caterpillar	28
biotherapeutics	28
tao	28
lake	28
toray	28
sterling	28
rich	28
textile	28
grand	28
frederic	28
beheer	28
ellen	28
zhongshan	28
dixon	28
social	28
io	28
michelin	28
darrell	28
paradigm	28
peters	28
automatic	28
team	28
verizon	28
invest	28
gutierrez	28
maritime	28
sloan	28
katz	28
logan	28
drive	28
delaware	28
synergy	28
strategic	28
gu	28
sprl	28
august	28
kyu	28
nordic	28
hector	28
faurecia	28
lt	28
brain	28
ultra	28
diana	28
guardian	28
memorial	28
fabrication	28
dublin	28
bridge	28
brake	28
pierce	28
coast	27
ideal	27
sense	27
julius	27
film	27
patterson	27
pascal	27
invention	27
chip	27
xiao	27
francais	27
heath	27
colorado	27
webster	27
proprietary	27
alabama	27
jidosha	27
pittsburgh	27
tissue	27
ic	27
diabetes	27
joon	27
sergio	27
ingenieria	27
seong	27
hayes	27
cool	27
tic	27
elliott	27
zimmer	27
diego	27
lars	27
gao	27
winston	27
cory	27
square	27
laurie	27
tokai	27
win	27
janet	27
kathryn	27
pump	27
summit	27
owens	27
stefano	27
vito	27
drew	27
clarke	27
bishop	27
int	27
rapid	27
santa	27
seating	27
alvin	27
gomez	27
cutting	27
biomed	27
howell	27
tzu	27
seiki	27
technique	27
hoffman	27
shun	27
zhen	27
koch	27
ricoh	27
training	27
fahrzeugteile	27
rf	27
amphenol	27
inspection	27
db	27
oncology	27
matrix	27
frontier	27
inter	27
rohm	27
lincoln	27
barnes	26
paulo	26
rhode	26
revolution	26
pei	26
fritz	26
hoon	26
heng	26
md	26
creations	26
coating	26
easy	26
giken	26
collaboration	26
gill	26
umwelt	26
roth	26
play	26
generation	26
tno	26
hospitalier	26
clyde	26
teresa	26
zero	26
simpson	26
preston	26
sonic	26
cells	26
montpellier	26
day	26
kuan	26
sangyo	26
claudio	26
car	26
women	26
intel	26
cayman	26
studios	26
toys	26
lau	26
impact	26
electron	26
coop	26
therapies	26
systemtechnik	26
hubert	26
monitoring	26
therapy	26
billy	26
janssen	26
si	26
katherine	26
connectivity	26
safran	26
helen	26
walsh	26
henderson	26
dresden	26
victoria	26
lda	26
law	26
jain	26
che	26
laurent	26
finland	26
tank	26
analog	25
andrews	25
generale	25
dhhs	25
lux	25
sistemas	25
deep	25
apollo	25
johnny	25
griffin	25
gkn	25
hopkins	25
hisense	25
shield	25
delphi	25
sichuan	25
heating	25
heart	25
hsiu	25
pool	25
babcock	25
milton	25
soon	25
evolution	25
acoustic	25
marseille	25
santos	25
hart	25
climate	25
byron	25
groupe	25
leung	25
lester	25
medica	25
mag	25
broadband	25
cardiac	25
leigh	25
coffee	25
dot	25
theresa	25
universitaire	25
bird	25
medizintechnik	25
guard	25
sungkyunkwan	25
olympus	25
nidec	25
quinn	25
nederlandse	25
cannon	25
benson	25
fujitsu	25
carr	25
nice	25
chong	25
diesel	25
ramon	25
princeton	25
ding	25
metrology	25
vladimirovich	25
think	25
snow	25
honeywell	25
alvarez	25
mac	25
cheung	25
nick	25
jacqueline	24
sytems	24
infrastructure	24
element	24
cesar	24
allied	24
allison	24
electronique	24
joo	24
hsing	24
elias	24
advancement	24
archery	24
teng	24
mineral	24
abdulaziz	24
technological	24
farms	24
ed	24
spolka	24
everett	24
carlo	24
edmund	24
jaime	24
optic	24
carroll	24
pablo	24
cary	24
application	24
interface	24
trent	24
pressure	24
soft	24
schroeder	24
minister	24
guang	24
los	24
surgery	24
richter	24
aisin	24
sen	24
tower	24
jet	24
dominic	24
raul	24
levi	24
univ	24
dna	24
seo	24
ramirez	24
fujifilm	24
people	24
automated	24
dirk	24
modular	24
ng	24
mcdonald	24
sms	24
cosmetics	24
joyce	24
stichting	24
spectra	24
hiroshi	24
blair	24
garry	24
medtech	24
maxwell	24
rad	24
sydney	24
lynch	24
phil	24
hugo	24
handling	24
nichols	24
bing	24
yamamoto	24
heraeus	24
furukawa	24
davidson	23
elite	23
recycling	23
market	23
waste	23
press	23
elliot	23
nicolas	23
valencia	23
hoffmann	23
italy	23
spark	23
pack	23
fish	23
negev	23
quick	23
navigation	23
drake	23
fondazione	23
orthopedic	23
holmes	23
zodiac	23
multimedia	23
ez	23
nanotech	23
polytechnique	23
idea	23
horn	23
francesco	23
free	23
eddie	23
marks	23
johan	23
chevron	23
majesty	23
amanda	23
mccarthy	23
stem	23
sustainable	23
asset	23
antenna	23
tian	23
lan	23
bradford	23
alexandre	23
robot	23
cunningham	23
sara	23
heinz	23
lille	23
carson	23
oleg	23
bernhard	23
johnston	23
sanofi	23
johann	23
sue	23
sato	23
luft	23
daryl	23
lifesciences	23
kerry	23
ruiz	23
kyocera	23
thales	23
mccoy	23
carolyn	23
tu	23
bond	23
yves	23
lyle	23
liebherr	23
vaccines	23
andrey	23
hubei	22
diversified	22
buchanan	22
ya	22
cooperative	22
chicago	22
andy	22
cornell	22
harald	22
standards	22
forward	22
founder	22
hamid	22
horizon	22
chase	22
magic	22
supplies	22
molding	22
beck	22
kinetics	22
costa	22
dieter	22
randolph	22
integrity	22
level	22
kramer	22
vehicles	22
jens	22
card	22
alstom	22
luo	22
jefferson	22
speed	22
roderick	22
mikhail	22
alain	22
hills	22
willis	22
teva	22
kwan	22
teledyne	22
strong	22
lun	22
nazionale	22
laboratorios	22
muhammad	22
clip	22
ok	22
terence	22
nationale	22
bruker	22
telecommunication	22
armor	22
xavier	22
insitute	22
hand	22
omar	22
biomet	22
cap	22
rainer	22
cao	22
mit	22
railway	22
julia	22
conrad	22
screen	22
double	22
tri	22
cai	22
love	22
schweiz	22
vital	22
organisatie	22
utility	22
gibson	22
solvay	22
heinrich	22
iq	22
ink	22
fundacao	22
fuels	22
tata	22
judith	22
dawn	22
prasad	22
lindsay	22
andersen	22
azioni	22
denmark	22
hydraulics	22
online	22
ernst	22
centrum	22
simple	22
agro	22
arc	22
sherman	22
emily	22
gebr	22
weiss	22
payment	22
republic	22
shaun	22
ace	22
crt	22
sheila	22
carpenter	22
micron	21
kelley	21
ram	21
gamble	21
anchor	21
polar	21
hou	21
elaine	21
organisation	21
hogan	21
rossi	21
joy	21
southwest	21
australian	21
sidney	21
consejo	21
barrett	21
sophia	21
ferguson	21
pharmatech	21
case	21
bag	21
zealand	21
quanta	21
maintenance	21
poly	21
amir	21
pao	21
chul	21
yih	21
innova	21
katholieke	21
gen	21
medizin	21
protective	21
lauren	21
stark	21
treatment	21
ricky	21
harper	21
lawson	21
bob	21
vacuum	21
rio	21
polytechnic	21
pac	21
hacek	21
levy	21
millennium	21
toegepast	21
waters	21
personal	21
ohio	21
swan	21
kraft	21
hang	21
liberty	21
alfredo	21
helmut	21
paragon	21
enrique	21
zimmerman	21
raphael	21
pak	21
creek	21
larson	21
koninklijke	21
hsiung	21
pavel	21
edison	21
live	21
agri	21
tire	21
hon	21
sandvik	21
haier	21
trailer	21
completion	21
better	21
huber	21
catholic	21
racing	21
kagaku	21
derrick	21
hawkins	21
tina	21
eli	21
wisconsin	21
eastern	21
chapman	21
broadcasting	21
traffic	21
kirby	21
drug	20
rx	20
christophe	20
haftung	20
prevention	20
montgomery	20
jamie	20
lynne	20
kung	20
tse	20
ds	20
alert	20
brady	20
ke	20
arcelormittal	20
nation	20
window	20
davies	20
buck	20
ent	20
cleveland	20
prince	20
archer	20
houston	20
nash	20
scale	20
structural	20
cnh	20
schaefer	20
suzanne	20
manfred	20
lion	20
road	20
circuits	20
infineon	20
organic	20
circle	20
cold	20
dupont	20
bureau	20
tetra	20
knorr	20
game	20
anonim	20
amber	20
rivera	20
flight	20
chester	20
emissions	20
angewandte	20
leica	20
baron	20
loren	20
value	20
denso	20
cooling	20
ware	20
asm	20
google	20
biometrics	20
erin	20
matthews	20
cheryl	20
forrest	20
director	20
freeman	20
charlotte	20
crown	20
morrison	20
fresenius	20
jersey	20
hyung	20
jurgen	20
abdul	20
solomon	20
series	20
seok	20
krause	20
nhs	20
monica	20
rainbow	20
phase	20
sanjay	20
castro	20
sik	20
gt	20
amit	20
welch	20
endo	20
fit	20
xie	20
nakamura	20
irwin	20
consolidated	20
sanyo	20
boehringer	20
search	20
connect	20
contact	20
giovanni	20
wolfe	20
transmission	20
luc	20
lasers	20
higgins	20
produits	19
aleksandr	19
stryker	19
christensen	19
ira	19
emc	19
technion	19
mustafa	19
ruth	19
sao	19
kessler	19
harbor	19
terra	19
khalid	19
rudolf	19
tooling	19
oracle	19
champion	19
sol	19
mahle	19
ceramic	19
paint	19
ning	19
rural	19
ug	19
myung	19
vista	19
premium	19
sanford	19
steiner	19
mauro	19
adc	19
midwest	19
propulsion	19
gustavo	19
catalyst	19
caldwell	19
conditioning	19
plug	19
sealing	19
werk	19
zu	19
friedman	19
val	19
critical	19
creation	19
julio	19
ibrahim	19
nikolaevich	19
norbert	19
die	19
bender	19
dietrich	19
vance	19
corportion	19
rhodes	19
randal	19
morton	19
disease	19
copper	19
form	19
assistance	19
cooperativa	19
tran	19
flynn	19
dog	19
anhui	19
raumfahrt	19
judy	19
grossman	19
sharma	19
das	19
moran	19
gbr	19
joan	19
avago	19
parsons	19
dalian	19
graphic	19
track	19
band	19
hutchinson	19
reliance	19
tate	19
london	19
reality	19
josh	19
shao	19
au	19
renesas	19
valerie	19
barton	19
shang	19
malaysia	19
raytheon	19
ooo	19
valves	19
grupo	19
para	19
spinal	19
ges	19
larsen	19
bone	19
kaufman	19
laboratoire	19
commscope	19
commercialization	19
comfort	19
cobra	19
label	19
tommy	19
fellows	19
ad	19
ridge	19
infinity	19
holy	19
gesundheit	19
conducta	19
coil	19
ring	19
consortium	19
clay	19
socpra	19
hartman	19
whitney	19
mega	19
novartis	19
inventec	18
mexico	18
pc	18
avery	18
metropolitan	18
amazon	18
ingredients	18
ortiz	18
kyowa	18
limted	18
print	18
mclaughlin	18
pearson	18
maxim	18
interior	18
brigham	18
invent	18
guido	18
cat	18
av	18
saeed	18
mcgill	18
snap	18
shelley	18
architectural	18
buhler	18
stern	18
sheldon	18
arch	18
cascade	18
stack	18
unit	18
platform	18
gi	18
gail	18
ingenierie	18
aviv	18
stevenson	18
vector	18
lowell	18
hassan	18
german	18
cardio	18
meier	18
stacy	18
yuen	18
ethan	18
schwarz	18
berger	18
bobby	18
santiago	18
hopitaux	18
fishing	18
temple	18
block	18
fong	18
foley	18
leasing	18
imperial	18
kristin	18
canadian	18
byung	18
scholars	18
arturo	18
freedom	18
townsend	18
peking	18
tianma	18
espana	18
uwe	18
oerlikon	18
academia	18
baxter	18
marcel	18
lambert	18
nu	18
kongsberg	18
street	18
genie	18
bowman	18
bear	18
sandisk	18
messtechnik	18
bowen	18
ineos	18
gutenberg	18
hicks	18
cj	18
universitatsmedizin	18
motoren	18
aker	18
swift	18
electrolux	18
aegis	18
conversion	18
wheel	18
elevator	18
ramsey	18
curie	18
rand	18
andres	18
iot	18
crop	18
reseach	18
csem	18
skf	18
omni	18
cure	18
kathy	18
radar	18
compression	18
mp	18
istituto	18
echostar	18
milano	18
clifton	18
cisco	18
clinic	18
cody	18
dwight	18
hanyang	18
wilkinson	18
mainz	18
rosen	18
trw	18
christina	18
combustion	18
midea	18
wild	18
murata	18
sunny	18
alessandro	18
cork	18
england	18
otvetstvennostyu	18
abu	18
tecnica	18
damon	18
dane	18
magnet	18
danfoss	18
ahn	18
nissan	18
regeltechnik	18
chain	18
weaver	18
remote	18
technolgy	18
eng	18
joachim	18
turbo	18
alexis	18
enrico	18
schaeffler	17
bp	17
farber	17
rachel	17
fibers	17
tanaka	17
component	17
axel	17
bordeaux	17
reginald	17
nielsen	17
morales	17
maryland	17
doyle	17
claire	17
gallagher	17
downhole	17
mackay	17
northwest	17
connection	17
xerox	17
anand	17
bristol	17
wear	17
griffith	17
oren	17
zte	17
schafer	17
brewer	17
holt	17
pipeline	17
fei	17
rocky	17
kee	17
qiang	17
bred	17
quentin	17
switch	17
pasteur	17
bravo	17
hanna	17
horton	17
mai	17
refrigeration	17
barnett	17
actions	17
anlagenbau	17
sdi	17
grip	17
identity	17
hayden	17
frances	17
diehl	17
sergei	17
pesquisa	17
horst	17
fredrick	17
cr	17
create	17
watts	17
peak	17
penny	17
soto	17
frost	17
penn	17
huei	17
basic	17
wellness	17
desarrollo	17
anders	17
yoo	17
marion	17
bard	17
bernd	17
gem	17
semi	17
reilly	17
affiliated	17
shanxi	17
fletcher	17
sheet	17
marsh	17
tv	17
johns	17
hebei	17
hussain	17
tanner	17
convergent	17
lei	17
foshan	17
assa	17
pham	17
moss	17
utah	17
alternative	17
wheeler	17
kaiser	17
recerca	17
og	17
aachen	17
aix	17
fabio	17
wide	17
empire	17
gravity	17
ltee	17
citizen	17
erickson	17
mettler	17
toby	17
gurion	17
volvo	17
merck	17
stein	17
mess	17
pal	17
rui	17
sami	17
orange	17
kitchen	17
evgeny	17
greene	17
gustav	17
sporting	17
ari	17
kommanditgesellschaft	17
prefectural	17
cheol	17
alcon	17
appliquees	17
tomas	17
procter	17
vu	17
heidelberg	17
powers	17
metrics	17
fab	17
oak	17
cal	17
fa	17
denko	16
prefecture	16
hossein	16
hf	16
ku	16
trans	16
luca	16
neo	16
curry	16
wi	16
society	16
mack	16
walton	16
soil	16
knapp	16
walters	16
conner	16
biotec	16
biotecnologia	16
matthias	16
aristocrat	16
tiger	16
consultancy	16
choice	16
kansai	16
current	16
atkinson	16
implants	16
zhengzhou	16
head	16
ariel	16
jiangxi	16
goods	16
lausanne	16
hygiene	16
chow	16
karls	16
bart	16
irene	16
rental	16
alto	16
lucent	16
vi	16
eth	16
hawk	16
optoelectronic	16
geo	16
jennings	16
bert	16
newton	16
carey	16
seyed	16
tube	16
stan	16
dimension	16
dillon	16
grenoble	16
berg	16
benoit	16
kabushikikaisha	16
ict	16
bee	16
technolgies	16
hays	16
dickinson	16
tara	16
iowa	16
leonardo	16
oasis	16
wendy	16
dmitry	16
matthey	16
ralf	16
novozymes	16
ravi	16
rescue	16
lorenzo	16
shmuel	16
target	16
assembly	16
acquisitions	16
wiring	16
nasa	16
binder	16
leisure	16
store	16
apparel	16
specialists	16
dispensing	16
elena	16
beam	16
fresh	16
bock	16
root	16
elbit	16
alison	16
itw	16
sage	16
roll	16
hsuan	16
decker	16
rolf	16
lyons	16
regenerative	16
kohler	16
dragon	16
partner	16
privada	16
steele	16
tam	16
castle	16
goldstein	16
yueh	16
burgess	16
baldwin	16
ap	16
jill	16
bret	16
bremse	16
brock	16
maximilians	16
lindsey	16
sub	16
avi	16
sutton	16
fabbrica	16
pumps	16
gavin	16
web	16
miao	16
page	16
clarence	16
cellular	16
clariant	16
shijiazhuang	16
fahd	16
kern	16
claudia	16
trumpf	16
bsh	16
koenig	16
kyushu	16
knowledge	16
alfonso	16
nobel	16
casting	16
mold	16
dudley	16
hope	16
ms	16
olsen	16
kuhn	16
evonik	16
metso	16
sino	16
winter	16
encore	16
ogranichennoy	16
erich	16
luigi	16
films	16
cycle	16
indiana	16
provost	16
bong	16
yue	16
microtechnique	16
exploration	16
radiant	16
renee	16
lakes	16
castillo	16
ehf	16
pietro	16
xiang	16
nicola	16
abloy	16
duke	16
profile	15
shirley	15
craft	15
na	15
sae	15
progressive	15
reddy	15
genesys	15
tag	15
telematics	15
courtney	15
fung	15
shepherd	15
seven	15
dawson	15
frazier	15
lithium	15
court	15
jeremiah	15
meccanica	15
fraser	15
chambers	15
entwicklungs	15
suzuki	15
response	15
oce	15
cypress	15
lien	15
tcl	15
emission	15
packing	15
triple	15
volker	15
johnathan	15
daiichi	15
freescale	15
interconnect	15
erwin	15
skin	15
start	15
unique	15
yee	15
monte	15
pratt	15
depuy	15
reno	15
sure	15
russ	15
abel	15
hood	15
ntt	15
rechts	15
french	15
denver	15
mori	15
fuller	15
cv	15
danielle	15
frey	15
renewables	15
stahl	15
badger	15
carrier	15
leif	15
norway	15
hot	15
colby	15
mind	15
hannifin	15
busch	15
publishing	15
olivier	15
felipe	15
thierry	15
industrias	15
wilhelms	15
mercury	15
sap	15
optique	15
hae	15
stephane	15
fibre	15
rob	15
sinclair	15
wien	15
dream	15
draper	15
kobayashi	15
oliveira	15
mehdi	15
hahn	15
photon	15
rig	15
instrumentation	15
doosan	15
williamson	15
mu	15
sasol	15
wurzburg	15
claas	15
noah	15
eddy	15
inno	15
trelleborg	15
takeda	15
armando	15
purdue	15
injection	15
kyoto	15
kerr	15
echo	15
madison	15
click	15
hodges	15
far	15
pulse	15
brooke	15
mendez	15
closures	15
easton	15
hess	15
nolan	15
coastal	15
kelvin	15
hanwha	15
innovators	15
natuurwetenschappelijk	15
donovan	15
halliburton	15
toulouse	15
sims	15
wanda	15
apparatebau	15
post	15
alpine	15
shop	15
act	15
kan	15
soongsil	15
krishna	15
etablissements	15
child	15
fives	15
copco	15
storm	15
neuro	15
lens	15
medi	15
therapeutic	15
orthopaedics	15
gunther	15
highway	15
beverly	15
forschungs	15
abrasives	15
agc	15
jeanne	15
jeon	15
nemours	15
fleming	15
small	15
microsemi	15
leader	15
flint	15
mohr	15
vega	15
marilyn	15
toledo	15
biopharm	15
norris	15
sanitary	15
icon	15
neill	15
biomerieux	15
fluids	15
levin	15
ls	14
nitto	14
sin	14
associated	14
luiz	14
otsuka	14
obshchestvo	14
hospitals	14
varian	14
livingston	14
sleep	14
andritz	14
globalfoundries	14
technologia	14
hsueh	14
ana	14
tm	14
amos	14
mathew	14
anita	14
shui	14
goodrich	14
squared	14
annette	14
gp	14
stephens	14
marcos	14
stacey	14
parks	14
low	14
ams	14
ami	14
orthopaedic	14
anti	14
gl	14
vapor	14
array	14
goldman	14
stella	14
grady	14
uri	14
genius	14
singer	14
shine	14
pont	14
aventis	14
aldo	14
produtos	14
elmer	14
progress	14
chau	14
kingdom	14
magnum	14
mutual	14
kin	14
chimie	14
aldrich	14
isabel	14
eads	14
vulcan	14
rosemount	14
publique	14
rosa	14
sumikin	14
milan	14
roof	14
cleaning	14
romero	14
clover	14
emerald	14
charge	14
advantage	14
rudolph	14
integral	14
carbide	14
ethicon	14
hull	14
prakash	14
cash	14
terrence	14
vodafone	14
epson	14
epic	14
pride	14
spirit	14
kobe	14
intuitive	14
entwicklung	14
marko	14
knowles	14
centers	14
manning	14
engenharia	14
wolff	14
kendall	14
code	14
eva	14
joshi	14
reyes	14
morrow	14
watch	14
deutsche	14
weng	14
wendell	14
cube	14
textiles	14
hal	14
curt	14
ren	14
ivanovich	14
sven	14
delivery	14
dakota	14
regional	14
deepak	14
joao	14
techologies	14
weatherford	14
joanne	14
omron	14
just	14
rheinische	14
dietz	14
jenny	14
qiu	14
durham	14
jacobson	14
wilkins	14
spectral	14
syed	14
driveline	14
janice	14
jansen	14
sunshine	14
doors	14
rahman	14
karim	14
jasper	14
whitehead	14
richmond	14
document	14
agco	14
wheels	14
ricerche	14
sweet	14
ev	14
cargo	14
merrill	14
neuroscience	14
pereira	14
freudenberg	14
bearing	14
sentry	14
yantai	14
stokes	14
veterinary	14
self	14
fortune	14
mediatek	14
orion	14
leaf	14
vicente	14
bioenergy	14
imagine	14
seeds	14
sociedad	14
tomtom	14
biomedica	14
imerys	14
biomedicine	14
flooring	14
masters	14
bayerische	14
verwaltungs	14
pennsylvania	14
gates	14
axis	14
pat	14
linear	14
baek	14
zrt	14
mate	14
mckenzie	14
patton	14
bang	14
sti	14
shapiro	14
barber	14
vertical	14
hydra	14
barcelona	14
barker	14
barr	14
upstream	14
tracking	14
hynix	14
sec	14
cp	14
sears	14
satellite	14
briggs	14
infrared	14
tal	14
brother	14
visa	14
fabrik	14
natalie	14
nasser	14
zo	14
fci	14
mar	14
sohne	14
reese	14
excellence	14
excel	14
meridian	14
porsche	14
sankyo	14
infinite	14
wyatt	14
schmitt	14
blood	14
borgwarner	14
bolt	14
near	14
viking	14
photonic	14
brass	14
fisheries	14
blaine	14
landis	14
hexcel	13
osram	13
halo	13
oldcastle	13
gsi	13
marin	13
use	13
gun	13
oriental	13
holger	13
haynes	13
hard	13
happy	13
aac	13
guerrero	13
marina	13
abbas	13
guide	13
horne	13
ofer	13
henkel	13
henrik	13
grey	13
3m	13
hendrickson	13
harley	13
hirsch	13
heung	13
hearing	13
origin	13
helix	13
grande	13
rochester	13
corn	13
tohoku	13
coproration	13
akcyjna	13
contitech	13
kaplan	13
mission	13
conn	13
minnesota	13
risk	13
robbins	13
kawamura	13
tsang	13
keefe	13
corps	13
colleen	13
willie	13
kenji	13
club	13
mahmoud	13
keun	13
cirrus	13
keystone	13
cientificas	13
rosenberg	13
zf	13
check	13
charlie	13
cornelius	13
cotton	13
dual	13
swanson	13
dsm	13
jake	13
drs	13
af	13
dominion	13
dominguez	13
moses	13
ramos	13
diebold	13
diderot	13
rare	13
rasmussen	13
devrient	13
desmond	13
crc	13
sviluppo	13
dent	13
den	13
jilin	13
graduate	13
martha	13
dayton	13
dassault	13
jonas	13
cyrus	13
monique	13
reserve	13
molekulare	13
channel	13
chai	13
cha	13
lonnie	13
bean	13
beacon	13
battelle	13
lights	13
shalom	13
steyr	13
lionel	13
shimano	13
mccullough	13
shinko	13
shipbuilding	13
atkins	13
titanium	13
lou	13
cedric	13
shot	13
lowe	13
arrow	13
step	13
aria	13
architecture	13
slide	13
apps	13
antriebstechnik	13
luna	13
ang	13
luxco	13
torque	13
lex	13
levine	13
lev	13
berman	13
cast	13
kokusai	13
samantha	13
thorne	13
kristen	13
canyon	13
sanhua	13
cables	13
kunststoff	13
trend	13
saul	13
membrane	13
laboratorio	13
lamar	13
lamb	13
boyer	13
xia	13
mehta	13
tiffany	13
biopharmaceutical	13
leblanc	13
yair	13
bi	13
seimitsu	13
beverage	13
beteiligungs	13
bernardo	13
sylvain	13
jimenez	13
ja	13
vennootschap	13
path	13
hungary	13
gallo	13
spx	13
nicholson	13
sprint	13
springs	13
ignacio	13
neuromodulation	13
formosa	13
marcelo	13
foam	13
pharmacy	13
dylan	13
flextronics	13
flexibles	13
implant	13
flash	13
photo	13
physical	13
vijay	13
uni	13
viktor	13
undivided	13
fields	13
pinnacle	13
underground	13
garner	13
venkata	13
ada	13
huf	13
vanguard	13
gomes	13
goldsmith	13
goldberg	13
ssi	13
globe	13
marel	13
glaxosmithkline	13
giorgio	13
pai	13
gina	13
technics	13
nina	13
hsi	13
vaughn	13
gibbs	13
hsun	13
ac	13
getriebe	13
getrag	13
huan	13
pang	13
gerardo	13
vegas	13
geophysical	13
nikolai	13
parallel	13
tammy	13
flo	13
nauk	13
pu	13
etsu	13
ets	13
powder	13
adler	13
myron	13
erica	13
synthesis	13
munoz	13
vm	13
aerial	13
spol	13
ptd	13
pt	13
providence	13
irrigation	13
electrics	13
epstein	13
promotion	13
mylan	13
english	13
insulation	13
emmanuel	13
polaris	13
falcon	13
fachhochschule	13
qian	13
nationwide	13
exxonmobil	13
umicore	13
qing	13
pop	13
nantong	13
ultimate	13
nissin	12
marino	12
tpk	12
linde	12
trace	12
toronto	12
macdonald	12
lian	12
hokkaido	12
match	12
jiaxing	12
norma	12
normal	12
invista	12
mcmillan	12
twin	12
lund	12
hobbs	12
mauricio	12
teleflex	12
luciano	12
teijin	12
tyson	12
maureen	12
mullen	12
universitet	12
uab	12
lord	12
towers	12
lon	12
mcbride	12
lok	12
nir	12
mullins	12
medicines	12
mechatronics	12
marcia	12
june	12
ihi	12
meredith	12
trident	12
mak	12
konstantin	12
koh	12
miami	12
tron	12
kk	12
kit	12
ims	12
miranda	12
thinking	12
maguire	12
kinetic	12
microtec	12
holloway	12
nebraska	12
nature	12
navarro	12
holdco	12
labor	12
massimo	12
laboratoires	12
mordechai	12
nabors	12
leonid	12
humphrey	12
hun	12
terri	12
main	12
joong	12
lehman	12
uniwersytet	12
medizinische	12
nagoya	12
megan	12
mass	12
internacional	12
travel	12
landon	12
hydrogen	12
ni	12
nexus	12
hyuk	12
tobias	12
esther	12
feldman	12
sirius	12
beach	12
dowa	12
otis	12
graeme	12
chuo	12
winkler	12
saving	12
chuck	12
steffen	12
christie	12
goodman	12
varco	12
dry	12
bryce	12
christ	12
potts	12
fort	12
simplifiee	12
glover	12
bates	12
yuri	12
est	12
fountain	12
fourier	12
durch	12
wurth	12
graves	12
dyer	12
cincinnati	12
rolling	12
amcor	12
serge	12
smiths	12
dominique	12
behr	12
forestry	12
donaldson	12
pope	12
taiyo	12
growth	12
grover	12
windows	12
orlando	12
skyworks	12
rahul	12
grimes	12
andrei	12
orr	12
angeles	12
room	12
osborne	12
cindy	12
greenberg	12
site	12
gilead	12
fowler	12
tak	12
sartorius	12
wacker	12
bai	12
wrap	12
elan	12
samir	12
worthington	12
gang	12
carmel	12
vermont	12
paula	12
augusto	12
aurora	12
carla	12
prism	12
pen	12
carefusion	12
az	12
cardinal	12
embedded	12
pearce	12
produktion	12
pearl	12
yokohama	12
callahan	12
camp	12
balance	12
subsidiary	12
giesecke	12
particle	12
ruben	12
charite	12
changchun	12
palo	12
artificial	12
vault	12
chance	12
yeon	12
arun	12
rush	12
panel	12
gerber	12
syngenta	12
russian	12
bao	12
ryu	12
velocity	12
short	12
bum	12
era	12
yousef	12
genetic	12
edmond	12
synthetic	12
shoji	12
gunnar	12
original	12
bridgestone	12
age	12
regina	12
tanabe	12
plast	12
corporaton	12
harvest	12
platforms	12
oilwell	12
darrin	12
takeshi	12
pllc	12
booth	12
harmon	12
hatch	12
agent	12
agronomique	12
convergence	12
schmid	12
contracting	12
fitzgerald	12
recognition	12
sorenson	12
seiyaku	12
delgado	12
sonya	12
adolfo	12
cosmo	12
deng	12
usaa	12
federico	12
pivot	12
rentals	12
surfaces	12
squibb	12
accelerator	12
objects	12
pla	12
seals	12
second	12
healthy	12
cropscience	12
fasteners	12
dahl	12
supervisors	12
zone	12
revocable	12
weston	12
seagate	12
spray	12
officine	12
bliss	12
dallas	12
adi	12
ride	12
emil	12
extramural	12
boyce	12
flores	12
diseases	12
disc	12
wilcox	12
extreme	12
bermuda	12
ops	12
alps	12
brennan	12
devin	12
allnex	12
alma	12
hair	12
dexter	12
raptor	12
brandt	12
bernstein	12
comet	12
brendan	12
operation	12
colt	12
connected	12
stream	12
alice	12
politecnica	12
takashi	12
hammond	12
fleet	12
alcatel	12
rohde	12
cnc	12
philadelphia	12
hamburg	12
conservation	12
dimitrios	12
gypsum	12
bentley	12
envision	11
taizhou	11
internatonal	11
studies	11
kristopher	11
bvi	11
inertial	11
insights	11
broad	11
xtreme	11
executive	11
caleb	11
voestalpine	11
vogel	11
ca	11
nabil	11
kris	11
scan	11
kuei	11
info	11
vishay	11
burnham	11
brasileira	11
terrance	11
meissner	11
boss	11
polska	11
kwok	11
faber	11
buddy	11
euro	11
prairie	11
estate	11
sauer	11
wuhu	11
saunders	11
savage	11
pod	11
buffalo	11
strategy	11
europa	11
ingelheim	11
port	11
laurel	11
planning	11
postech	11
meggitt	11
farmaceutica	11
tie	11
platt	11
portable	11
satoshi	11
bros	11
schunk	11
strategies	11
bull	11
ervin	11
wah	11
emery	11
roma	11
containers	11
deitr	11
karcher	11
delle	11
jiashan	11
mississippi	11
karsten	11
connie	11
connecticut	11
reactor	11
sverige	11
desenvolvimento	11
watanabe	11
range	11
willard	11
warwick	11
miner	11
warsaw	11
rodrigo	11
distributors	11
district	11
cmc	11
swing	11
kenny	11
dohme	11
clint	11
jb	11
contractors	11
conversant	11
kane	11
montreal	11
cullen	11
cui	11
renato	11
thailand	11
wenzhou	11
monroe	11
montana	11
county	11
susanne	11
reinhard	11
rgb	11
region	11
tubular	11
davey	11
sutherland	11
cosmetic	11
darin	11
refractory	11
jody	11
corbett	11
darlene	11
wegener	11
reflex	11
cooke	11
refining	11
mo	11
rom	11
clement	11
trim	11
rain	11
rubin	11
wm	11
micah	11
chae	11
rusty	11
isreal	11
cement	11
cecil	11
systec	11
cc	11
ei	11
psi	11
catheter	11
province	11
salem	11
samson	11
komatsu	11
carney	11
sand	11
koo	11
meta	11
wook	11
thornton	11
ipr	11
mesa	11
emergency	11
ioannis	11
kip	11
biotechnologie	11
dwayne	11
mid	11
javad	11
donnell	11
ronnie	11
kettering	11
janus	11
dorothy	11
ci	11
dover	11
church	11
droit	11
rack	11
jakob	11
msd	11
tru	11
kids	11
synaptics	11
rothschild	11
chippac	11
microport	11
ty	11
mt	11
chile	11
rowe	11
dura	11
jackie	11
chavez	11
biotek	11
stamping	11
rennes	11
payne	11
aust	11
mcdaniel	11
local	11
ong	11
zeng	11
hunting	11
zen	11
ati	11
td	11
haines	11
nord	11
vera	11
gate	11
yoshida	11
nien	11
massey	11
haim	11
hoang	11
gb	11
nonwovens	11
aspen	11
lorraine	11
geneve	11
hale	11
lllp	11
perkins	11
mcdermott	11
shell	11
malik	11
martini	11
iain	11
mcintyre	11
baden	11
zhi	11
norton	11
vac	11
mcgregor	11
linn	11
akron	11
gs	11
maine	11
hana	11
masayuki	11
zetta	11
avraham	11
alexandra	11
sheryl	11
zephyr	11
vertreten	11
mae	11
alloy	11
ascent	11
geoff	11
hubbard	11
alvaro	11
sing	11
gong	11
yutaka	11
hole	11
goss	11
governors	11
ott	11
orbit	11
guizhou	11
horse	11
matteo	11
orbital	11
guillermo	11
amin	11
anil	11
sling	11
organics	11
lutz	11
hoover	11
zahnradfabrik	11
steering	11
ground	11
simulation	11
pa	11
yuriy	11
armaments	11
titus	11
vazquez	11
geun	11
nikon	11
haddad	11
arrowhead	11
optimum	11
gyu	11
giant	11
aluminium	11
universitatsklinikum	11
howe	11
arm	11
ark	11
yulong	11
arena	11
holden	11
yunnan	11
paige	11
simone	11
pace	11
glove	11
olga	11
aktsionernoe	11
herrera	11
novak	11
biologicals	11
fontaine	11
hat	11
footwear	11
mansour	11
forbes	11
headquarters	11
markets	11
zoom	11
illumination	11
pieter	11
forever	11
ses	11
bicycle	11
teknik	11
biomaterials	11
manoj	11
hd	11
novo	11
benedict	11
florian	11
train	11
finn	11
seismic	11
victory	11
flexible	11
spreadtrum	11
henri	11
medina	11
sentinel	11
marius	11
betriebs	11
bioengineering	11
beschrankter	11
adobe	11
shea	11
fly	11
hendricks	11
hausgerate	11
hartley	11
abbvie	11
pete	11
ferreira	11
bartlett	11
nxp	11
yehuda	11
forming	11
biosolutions	11
ics	11
leading	11
harrington	11
seattle	11
tip	11
hexagon	11
petersen	11
fen	11
bath	11
baumann	11
old	11
measuring	11
ballard	11
vibration	11
pilot	11
fetzer	11
bionics	11
srinivasan	11
lifestyle	11
petroleo	11
ichi	11
shaffer	11
specialized	11
alvarado	10
cmp	10
stainless	10
zoltan	10
mat	10
stafford	10
alumni	10
accenture	10
sprinkler	10
reuters	10
moneda	10
julien	10
milling	10
keppel	10
reserach	10
abengoa	10
steam	10
jules	10
molly	10
snell	10
souza	10
toho	10
rohit	10
advisors	10
compass	10
ritter	10
ritchey	10
rhonda	10
corbin	10
advertising	10
rise	10
maersk	10
kate	10
speech	10
tsao	10
albright	10
mahindra	10
cor	10
cooler	10
africa	10
missouri	10
content	10
marty	10
conveyor	10
wiley	10
masoud	10
kemp	10
machining	10
macchine	10
coates	10
country	10
rodolfo	10
counsel	10
maquet	10
cote	10
adkins	10
administrative	10
sundstrand	10
corrosion	10
stanton	10
ka	10
tor	10
combined	10
robotic	10
tsan	10
mines	10
tubing	10
kazuo	10
ronen	10
thaddeus	10
analogic	10
structure	10
barrier	10
base	10
lighthouse	10
shaanxi	10
l3	10
sg	10
bed	10
sheppard	10
meccaniche	10
brocade	10
sca	10
yat	10
separation	10
scandinavia	10
wuerzburg	10
saudi	10
mcneil	10
budgetary	10
limitada	10
mclean	10
kurz	10
bam	10
burt	10
bush	10
mercer	10
mckay	10
sargent	10
byrd	10
yissum	10
shelton	10
babak	10
belt	10
schell	10
melinda	10
biogen	10
lead	10
lcc	10
medsystems	10
xue	10
leary	10
scotland	10
blum	10
xylem	10
xing	10
legacy	10
legal	10
laszlo	10
bok	10
meditech	10
bonn	10
beteiligungsgesellschaft	10
yahoo	10
schulte	10
storz	10
yamada	10
lange	10
schott	10
bow	10
sejong	10
sekisui	10
medic	10
melbourne	10
betts	10
schiller	10
lambda	10
santo	10
lior	10
andrzej	10
siegel	10
sugar	10
wistron	10
ru	10
armin	10
arne	10
siegfried	10
kirkpatrick	10
kt	10
leach	10
rud	10
chandra	10
sia	10
mayo	10
lotte	10
silverman	10
microelectronic	10
arctic	10
kimura	10
april	10
christiaan	10
rosenberger	10
ao	10
antony	10
suman	10
matter	10
yvelines	10
antoine	10
rosario	10
keysight	10
sistemi	10
luther	10
wolfram	10
loop	10
mgmt	10
sandeep	10
ti	10
axon	10
sherry	10
campus	10
aw	10
yoder	10
avionics	10
avant	10
mcdonnell	10
autotech	10
capture	10
shim	10
toy	10
augustine	10
mccormick	10
assurance	10
carmen	10
atrial	10
carsten	10
athletics	10
salt	10
shlomo	10
woodrow	10
catalunya	10
tristan	10
cathy	10
koehler	10
youn	10
mc	10
lonza	10
arris	10
rhythm	10
farma	10
descartes	10
rajendra	10
raj	10
domenico	10
imi	10
ep	10
jayant	10
dominick	10
vargas	10
tex	10
eos	10
glasgow	10
japanese	10
vasquez	10
hp	10
hs	10
paintball	10
vogt	10
primetals	10
giles	10
tape	10
moyer	10
downey	10
drives	10
gideon	10
gianni	10
immune	10
nephew	10
equity	10
dimitri	10
holder	10
impulse	10
dialog	10
dianne	10
dias	10
holly	10
philipp	10
ordnance	10
interdigital	10
washing	10
ernesto	10
ran	10
distributing	10
flat	10
oronite	10
mos	10
hongfujin	10
osborn	10
greenfield	10
presto	10
dish	10
jena	10
greco	10
eran	10
technica	10
ggmbh	10
voice	10
versailles	10
ito	10
petr	10
gal	10
terumo	10
pax	10
eclipse	10
istvan	10
hutchison	10
eden	10
identification	10
elisabeth	10
hydac	10
qiagen	10
pedersen	10
eileen	10
franke	10
prysmian	10
fuchs	10
ngk	10
irving	10
perkinelmer	10
proton	10
musical	10
fremont	10
petrochemicals	10
verint	10
nikolay	10
formula	10
ilya	10
netzsch	10
enix	10
naamloze	10
enhanced	10
engel	10
ilan	10
vending	10
volkswagen	10
genetica	10
geesthacht	10
neurosciences	10
eberhard	10
wake	10
durr	10
dutch	10
hummel	10
ear	10
garza	10
qin	10
pass	10
tyrone	10
eastman	10
empa	10
guzman	10
verwaltungsgesellschaft	10
esteve	10
delaney	10
handy	10
darrel	10
nanotechnologies	10
reeves	10
factor	10
fairchild	10
northrop	10
tejas	10
deck	10
jinan	10
hampton	10
hammer	10
daddy	10
ustav	10
ingersoll	10
hamlin	10
sv	10
joaquin	10
refractories	10
ferdinand	10
pitts	10
pixel	10
poland	10
harlan	10
fabricating	10
dairy	10
hardy	10
ogranichennoi	10
fastening	10
hilton	10
novatek	10
feed	10
piotr	10
hermes	10
harbin	10
informatique	10
fastener	10
hb	10
nautilus	10
hak	10
nanchang	10
tait	10
watkins	10
posco	10
jewelry	10
hofmann	10
photoelectric	10
etienne	10
desai	10
hebrew	10
nominees	10
hagen	10
potter	10
non	10
talk	10
hitech	10
reading	10
platinum	10
textron	10
filters	10
jiaotong	10
gyr	10
farrell	10
heine	10
heartland	10
della	10
monolithic	10
ingenico	9
strap	9
lifting	9
boeing	9
blu	9
yeda	9
ignition	9
scripps	9
shai	9
culture	9
francaise	9
bastian	9
shay	9
frame	9
vetco	9
telephone	9
barrie	9
idemitsu	9
blank	9
mckesson	9
tracey	9
lily	9
foundry	9
fratelli	9
neville	9
xiong	9
unipersonale	9
planetary	9
scot	9
shape	9
boats	9
ig	9
boa	9
servicios	9
blades	9
fortress	9
pharmacology	9
index	9
bergman	9
medix	9
stout	9
independence	9
pierson	9
phi	9
bertrand	9
biofuels	9
selex	9
leibinger	9
unicorn	9
select	9
leiden	9
imp	9
pentair	9
floor	9
biochemical	9
finetech	9
stork	9
tangent	9
bic	9
bicocca	9
phipps	9
fico	9
sensory	9
securite	9
vincenzo	9
tellabs	9
bbs	9
lb	9
petrus	9
beal	9
pixart	9
sewing	9
sevices	9
yau	9
birmingham	9
tennessee	9
yamaguchi	9
foot	9
industrielles	9
fence	9
sebastien	9
transformer	9
lexisnexis	9
leap	9
ferrara	9
pike	9
belinda	9
fibrillation	9
biomass	9
beverages	9
cummings	9
bach	9
solucoes	9
madrid	9
techology	9
zenith	9
alicia	9
hamamatsu	9
alexandr	9
hiroyuki	9
aleksandrovich	9
akita	9
maher	9
albrecht	9
mahmood	9
sonics	9
stationery	9
alba	9
hancock	9
sohn	9
norge	9
univerzita	9
soehne	9
guenther	9
holm	9
amdocs	9
snc	9
oral	9
gunter	9
gus	9
zakrytoe	9
stealth	9
zane	9
altek	9
opko	9
alloys	9
ophthalmic	9
technoloy	9
himax	9
akira	9
fry	9
sprague	9
tecnologie	9
adnan	9
manufactory	9
utc	9
manufacutring	9
adel	9
additive	9
hayashi	9
ajit	9
henning	9
tomasz	9
zou	9
nugent	9
tee	9
stanislav	9
abdulrahman	9
zip	9
herzog	9
ziegler	9
hettich	9
olivia	9
marvel	9
makino	9
airborne	9
aim	9
aichi	9
harding	9
zhongke	9
aharon	9
malta	9
spain	9
nottingham	9
manchester	9
oklahoma	9
nouvelles	9
slater	9
skyworth	9
anatolievich	9
atlanta	9
location	9
gagnon	9
augustus	9
veritas	9
toxicology	9
huntsman	9
atom	9
mccauley	9
mathews	9
patrice	9
athena	9
bogdan	9
shoe	9
veolia	9
gd	9
lopes	9
shimizu	9
payments	9
autonoma	9
autonomous	9
baader	9
shepard	9
mcgrath	9
fueling	9
mcgee	9
vertriebs	9
yoav	9
fugro	9
pelican	9
fun	9
functional	9
livermore	9
vertex	9
hy	9
vert	9
assist	9
gee	9
shokubai	9
simons	9
glow	9
oxygen	9
api	9
goodwin	9
gosei	9
valmet	9
graphene	9
otc	9
matsumoto	9
antipolis	9
single	9
graziano	9
horiba	9
nixon	9
mathieu	9
univerity	9
pain	9
asociacion	9
stellar	9
parrish	9
shore	9
lottery	9
genome	9
ashish	9
mb	9
asher	9
velez	9
shuo	9
papst	9
gestion	9
vaughan	9
signals	9
gillespie	9
arie	9
asymchem	9
screens	9
caroline	9
conti	9
knoll	9
consultoria	9
economic	9
ecotech	9
saad	9
knox	9
contract	9
triton	9
dee	9
controle	9
efficiency	9
controlled	9
recreational	9
municipal	9
ecological	9
ec	9
itm	9
ruprecht	9
reckitt	9
run	9
constructions	9
eberspacher	9
rudy	9
kari	9
rieger	9
chapel	9
rubicon	9
kirin	9
tsui	9
charlton	9
dx	9
catolica	9
meyers	9
connell	9
konrad	9
mor	9
model	9
ramot	9
electronical	9
carnegie	9
eletronics	9
corpoation	9
murdock	9
irccs	9
konstantinos	9
sz	9
hella	9
promotions	9
elijah	9
mobius	9
dart	9
iris	9
vr	9
protein	9
casa	9
kam	9
salmon	9
koji	9
saleh	9
salazar	9
salas	9
eleanor	9
conway	9
reel	9
saha	9
richman	9
turbines	9
kingsoft	9
met	9
jarvis	9
dickson	9
clements	9
railroad	9
classic	9
ts	9
class	9
windpower	9
raven	9
jerusalem	9
summers	9
doran	9
dg	9
rory	9
comm	9
dolby	9
motive	9
roller	9
clutch	9
cm	9
comapny	9
rocket	9
dodd	9
docomo	9
dion	9
coal	9
therm	9
cobb	9
kelsey	9
coburg	9
roe	9
rodger	9
rae	9
cimc	9
ready	9
quartz	9
rim	9
mstar	9
duffy	9
chiou	9
jiangmen	9
quimica	9
riken	9
kaye	9
rourke	9
teves	9
wald	9
transneft	9
duran	9
connectors	9
sulzer	9
kiel	9
duck	9
rios	9
twist	9
ra	9
sunrise	9
christy	9
jamal	9
rc	9
mr	9
compania	9
dov	9
radiation	9
winfield	9
wilfred	9
command	9
korean	9
cognitive	9
esposito	9
visible	9
corporations	9
cowan	9
kwong	9
nanyang	9
surf	9
buildings	9
tudor	9
inova	9
mems	9
sts	9
brakes	9
burger	9
wet	9
kuraray	9
eyal	9
momentum	9
burnett	9
equipements	9
burrell	9
repair	9
reiner	9
schlumberger	9
cyril	9
daley	9
essilor	9
extraction	9
weinberg	9
kyoritsu	9
mellon	9
lacey	9
westfaelische	9
export	9
brilliant	9
polskiej	9
takahashi	9
exact	9
poole	9
sc	9
daehan	9
evergreen	9
saw	9
pole	9
monsanto	9
eve	9
westfalische	9
laird	9
crrc	9
brush	9
cytec	9
suresh	9
weiner	9
intervention	9
epfl	9
buzz	9
pm	9
rehabilitation	9
rheinisch	9
bonnie	9
ems	9
schulz	9
merritt	9
las	9
empresa	9
corproation	9
thunder	9
capitol	9
krishnan	9
moffitt	9
woong	9
emergent	9
udo	9
emanuel	9
sands	9
messaging	9
ipco	9
moody	9
rhodia	9
profiles	9
joey	9
energetic	9
pneumatic	9
daly	9
survey	9
fabrica	9
mohan	9
bottle	9
schrader	9
triangle	9
sanwa	9
fabrizio	9
uhde	9
meir	9
resonance	9
surveillance	9
meritor	9
camera	9
weller	9
damien	9
remington	8
rem	8
optotech	8
skincare	8
oran	8
toda	8
spot	8
minerva	8
ori	8
smarter	8
nuove	8
mini	8
nuovo	8
ny	8
stearns	8
renaud	8
offentlichen	8
nunez	8
sook	8
robb	8
miyazaki	8
morin	8
mohawk	8
speciality	8
recreation	8
omer	8
notre	8
spartan	8
rfid	8
regulator	8
masaru	8
marta	8
razor	8
norwood	8
montres	8
regal	8
mohamad	8
moo	8
olive	8
masaki	8
mas	8
sorin	8
moog	8
solarworld	8
marlow	8
techonology	8
sphere	8
read	8
ogawa	8
stc	8
nrg	8
nr	8
nowak	8
results	8
reuben	8
rika	8
reliable	8
operative	8
novel	8
miriam	8
mask	8
related	8
riggs	8
spi	8
rexam	8
normale	8
nov	8
stats	8
schweitzer	8
rowley	8
orozco	8
servicos	8
sapa	8
merchant	8
tap	8
prima	8
seon	8
pharmaceutica	8
tencent	8
sarkis	8
senior	8
menon	8
semantic	8
sellers	8
neptune	8
stop	8
nail	8
prior	8
neue	8
metalurgica	8
peyton	8
television	8
progettazione	8
mcnulty	8
myles	8
tin	8
shahram	8
temp	8
sha	8
probe	8
sh	8
sexton	8
merrell	8
peugeot	8
merlin	8
set	8
president	8
precise	8
tackle	8
seikan	8
strickland	8
strength	8
nantes	8
seat	8
melanie	8
place	8
nat	8
sds	8
pocket	8
schubert	8
meiji	8
score	8
schuler	8
natura	8
talbot	8
scherer	8
schenck	8
pinto	8
terminal	8
seika	8
powered	8
poultry	8
savant	8
seguin	8
ned	8
picture	8
nc	8
members	8
pictures	8
pong	8
schaffer	8
pine	8
terex	8
sandia	8
shaul	8
orphan	8
nilsson	8
silgan	8
signature	8
pall	8
maximilian	8
sight	8
palm	8
mri	8
sylvia	8
paoli	8
msi	8
sul	8
rotor	8
rouen	8
quan	8
rowland	8
maverick	8
silicones	8
perma	8
radius	8
swenson	8
ramesh	8
osvaldo	8
oswald	8
mats	8
nissei	8
motorsports	8
owl	8
sinai	8
oz	8
ningxia	8
maurer	8
silvio	8
summer	8
mounts	8
rpx	8
night	8
tdk	8
pasquale	8
shigeru	8
shift	8
pebble	8
shields	8
peer	8
ptc	8
saft	8
nhn	8
sheridan	8
proteus	8
peptide	8
peregrine	8
perimeter	8
nextgen	8
meter	8
suarez	8
sabrina	8
multiple	8
mcclellan	8
microchip	8
mcafee	8
qiao	8
shizuoka	8
rubio	8
shiu	8
shing	8
sabin	8
micheal	8
michal	8
qatar	8
tau	8
nico	8
sys	8
teh	8
immersion	8
marianne	8
ex	8
appliquee	8
civil	8
ifp	8
event	8
app	8
beau	8
yuval	8
beckman	8
becton	8
euclid	8
eu	8
yates	8
khaled	8
khalifa	8
khalil	8
ias	8
khoury	8
hyu	8
clive	8
hyper	8
estrada	8
estes	8
andras	8
hyo	8
kieran	8
essuyage	8
closure	8
cmi	8
kil	8
ihc	8
kem	8
fair	8
cadence	8
imec	8
yuh	8
kaneka	8
gilberto	8
tsun	8
fabrics	8
imagination	8
fabrications	8
fabric	8
arkansas	8
vishal	8
ezra	8
eyewear	8
exterior	8
tsi	8
images	8
area	8
iljin	8
experts	8
kato	8
kawai	8
experimental	8
marian	8
bearings	8
arbor	8
citrix	8
keene	8
vita	8
giordano	8
kimball	8
essentials	8
zaadteelt	8
kinzoku	8
emory	8
trimble	8
emmett	8
emma	8
krebsforschungszentrum	8
emilio	8
benckiser	8
emerging	8
kristian	8
tridonic	8
krueger	8
ely	8
ks	8
alton	8
kuen	8
zao	8
alt	8
elsevier	8
htc	8
alonso	8
benner	8
ellsworth	8
comba	8
kunming	8
buckley	8
kunststofftechnik	8
kurtis	8
benny	8
combs	8
end	8
vallourec	8
casio	8
erick	8
kiran	8
byeong	8
wills	8
kla	8
willow	8
zach	8
erlangen	8
km	8
erika	8
goodson	8
trojan	8
hutton	8
amsterdam	8
erez	8
enea	8
gorman	8
amperex	8
goto	8
kohn	8
amo	8
coherent	8
husky	8
gottlieb	8
humberto	8
valorisation	8
konami	8
hueck	8
enhancement	8
cam	8
gibbons	8
comcast	8
freed	8
jacobsen	8
jacobus	8
freddy	8
ccs	8
gateway	8
veteran	8
francesca	8
cea	8
gauthier	8
foundries	8
vetter	8
jasmine	8
innotek	8
cedar	8
innotech	8
gbmh	8
forms	8
je	8
ceramique	8
bamboo	8
fontana	8
fondation	8
jeffry	8
foderung	8
yosef	8
focal	8
inner	8
fm	8
geely	8
iwata	8
ivanov	8
work	8
gartner	8
aziz	8
investigacio	8
investors	8
verre	8
gabriele	8
ips	8
ipsen	8
iqbal	8
cas	8
galderma	8
iqor	8
fze	8
carvalho	8
gandhi	8
futurewei	8
integrations	8
integra	8
institue	8
carrie	8
garland	8
baidu	8
insitut	8
wonderland	8
friesen	8
baird	8
catalysts	8
friedrichshafen	8
itron	8
inria	8
innate	8
flood	8
ats	8
yeung	8
vince	8
chef	8
chemii	8
geophysics	8
georgios	8
jukogyo	8
independent	8
juliana	8
geoscience	8
basell	8
justice	8
faye	8
geratebau	8
fat	8
bass	8
improvement	8
jx	8
aroma	8
farris	8
imports	8
farmer	8
chief	8
farmaceutici	8
unified	8
armour	8
faraday	8
kairos	8
giancarlo	8
chon	8
industires	8
industrializzazione	8
underwood	8
barbados	8
ingram	8
jessie	8
ingenuity	8
jfe	8
fix	8
jimmie	8
athletic	8
ateliers	8
vidal	8
fittings	8
jm	8
firestone	8
gemeinnutzige	8
asphalt	8
charm	8
chandler	8
finger	8
cardiff	8
informatics	8
yeong	8
johnnie	8
ashwin	8
infectious	8
viktorovich	8
villarreal	8
fiat	8
inernational	8
jozef	8
allergan	8
collective	8
kyong	8
dietmar	8
valco	8
biochem	8
haifa	8
dm	8
herbst	8
unviersity	8
agenzia	8
hensley	8
cornerstone	8
lubrizol	8
zhuzhou	8
hakko	8
correlated	8
dickerson	8
doherty	8
aes	8
hendrik	8
lucy	8
cortex	8
aeronautical	8
torsten	8
costello	8
costruzioni	8
dh	8
dewitt	8
helm	8
cover	8
coway	8
dock	8
converting	8
lv	8
bikes	8
linden	8
dsp	8
lindgren	8
hinson	8
dryer	8
lines	8
hing	8
agrosciences	8
unmanned	8
zhongxing	8
highland	8
toyoda	8
hickman	8
hester	8
contour	8
doron	8
lockwood	8
locus	8
yamaha	8
bray	8
dooley	8
consult	8
walther	8
kyoung	8
heron	8
valdez	8
loma	8
agfa	8
biosense	8
deutsch	8
dt	8
hartmut	8
bode	8
makoto	8
accurate	8
datalogic	8
boaz	8
cs	8
blade	8
malone	8
absolute	8
dante	8
blast	8
manfacturing	8
hartmann	8
boards	8
crowder	8
dang	8
damian	8
dalton	8
able	8
abi	8
hasan	8
cycling	8
xinsheng	8
4d	8
zwaan	8
marek	8
cycles	8
mari	8
crowe	8
crosby	8
desert	8
mach	8
xiaodong	8
vadim	8
helicopters	8
lynx	8
lytle	8
boone	8
helicopter	8
denshi	8
aditya	8
hands	8
denny	8
held	8
macfarlane	8
westfield	8
acosta	8
bioventures	8
vaccine	8
bis	8
bit	8
deka	8
magnus	8
bologna	8
mahesh	8
hara	8
maier	8
activity	8
hardin	8
crolles	8
dst	8
lois	8
conductor	8
albea	8
gulf	8
akademia	8
brp	8
compton	8
hodge	8
connections	8
zhe	8
zhangjiagang	8
ajay	8
duong	8
grumman	8
britt	8
walden	8
community	8
wyoming	8
lerner	8
conley	8
universitesi	8
beta	8
broadcom	8
berhad	8
hm	8
eidgenossische	8
translational	8
trail	8
alamos	8
beschraenkter	8
ease	8
guitars	8
complex	8
eitan	8
lexmark	8
aktiebolaget	8
akademii	8
grill	8
lightning	8
connector	8
edo	8
dubois	8
zeno	8
lacrosse	8
greenwave	8
homes	8
gym	8
leather	8
effect	8
brittany	8
tracker	8
elemental	8
limitee	8
hoya	8
alden	8
ld	8
aleksey	8
growers	8
electonics	8
hose	8
gustafson	8
leipzig	8
compressor	8
gwendolyn	8
duk	8
broadcast	8
efficient	8
lager	8
graf	7
carlton	7
hank	7
party	7
sb	7
haring	7
xiaoping	7
gayle	7
hannes	7
gruber	7
bogart	7
bunch	7
boiler	7
oto	7
valentine	7
schuster	7
tdw	7
grundfos	7
cabot	7
grow	7
samsonite	7
vereniging	7
caruso	7
greer	7
bubble	7
harvard	7
os	7
gale	7
ohka	7
scientist	7
gree	7
salud	7
bucher	7
gakuen	7
scope	7
paulsen	7
woodward	7
vallejo	7
cart	7
bt	7
groves	7
carriers	7
scienbizip	7
bronstein	7
bobbie	7
oswaldo	7
carole	7
bullet	7
xinjiang	7
garth	7
harms	7
caron	7
graz	7
uv	7
griffiths	7
verde	7
vereinigte	7
ortega	7
tecnologica	7
otvetstvennost	7
gemini	7
gr	7
pacemakers	7
brick	7
gleason	7
santana	7
valentin	7
guthrie	7
globus	7
oppo	7
paladin	7
gung	7
braden	7
gloria	7
orbis	7
sanko	7
hagenmeyer	7
hager	7
ghost	7
ghosh	7
bretagne	7
glaser	7
woongjin	7
gilles	7
giulio	7
gyrus	7
technip	7
sany	7
valeant	7
given	7
package	7
vasilios	7
worth	7
gk	7
gilman	7
optimal	7
gladstone	7
workman	7
pacheco	7
optik	7
haake	7
glory	7
haider	7
gps	7
genevieve	7
paramount	7
tea	7
ordos	7
options	7
stratton	7
parking	7
bose	7
omid	7
outotec	7
carleton	7
guided	7
org	7
organ	7
booker	7
gottfried	7
carlisle	7
sascha	7
schoeller	7
onkologie	7
byun	7
bouchard	7
bowers	7
op	7
geraetebau	7
hakan	7
sapienza	7
geosciences	7
bowden	7
byers	7
geology	7
sarkar	7
bus	7
gentile	7
burroughs	7
gonzalo	7
cantrell	7
parag	7
schmitz	7
salomon	7
farr	7
paving	7
dundee	7
waldemar	7
duo	7
duvall	7
dye	7
eaux	7
computers	7
ritchie	7
ebrahim	7
compressors	7
pyo	7
ecolab	7
pv	7
wilbur	7
rivers	7
waddell	7
dunlop	7
queensland	7
dose	7
dugan	7
dougherty	7
drain	7
sybase	7
wally	7
walls	7
consiglio	7
dror	7
race	7
conroy	7
whittaker	7
sylvester	7
synapse	7
walk	7
connolly	7
sync	7
edouard	7
eduard	7
componentes	7
puerto	7
elektro	7
elements	7
elie	7
rocco	7
prometheus	7
ellison	7
elm	7
profit	7
elwood	7
produktions	7
sze	7
emilia	7
proctor	7
volodymyr	7
enforcement	7
prospect	7
prosthetic	7
commandite	7
ptt	7
egan	7
egg	7
egis	7
egyetem	7
compliance	7
eidgenoessische	7
vzw	7
electronica	7
ek	7
roberta	7
elam	7
vs	7
proteomics	7
commisariat	7
doswiadczalnej	7
dos	7
enrichment	7
rees	7
crowley	7
deaconess	7
dead	7
deanna	7
wd	7
recycle	7
deere	7
resins	7
resolution	7
dei	7
delbruck	7
resonant	7
cristina	7
cristal	7
reasearch	7
davenport	7
darnell	7
doreen	7
dario	7
reliant	7
weir	7
customer	7
curtiss	7
daito	7
weidong	7
regis	7
daniela	7
regensburg	7
daniele	7
regeneration	7
danieli	7
danmark	7
csr	7
csic	7
svensson	7
crafts	7
denton	7
reaction	7
cordova	7
whirlpool	7
div	7
cooltech	7
dmg	7
raleigh	7
rakuten	7
rakesh	7
rajiv	7
dodson	7
dolphin	7
dome	7
contemporary	7
rico	7
rider	7
wartsila	7
corporatin	7
wetenschappelijk	7
desoto	7
reach	7
dentsply	7
depot	7
crabtree	7
cpi	7
deshpande	7
waterloo	7
swedish	7
couture	7
coupling	7
rappaport	7
rapp	7
dia	7
corrugated	7
privacy	7
entech	7
pawel	7
filippo	7
changshu	7
rue	7
physicians	7
photovoltaics	7
firearms	7
russo	7
ceva	7
rutgers	7
flavio	7
fleischer	7
rutherford	7
flux	7
fmc	7
foil	7
phantom	7
fin	7
ruby	7
fawzi	7
chapin	7
pivotal	7
virbac	7
federale	7
chemtech	7
chemo	7
violin	7
chee	7
checkpoint	7
rti	7
ferrer	7
ferris	7
fi	7
pillar	7
pilgrim	7
piero	7
pf	7
vic	7
forschungsanstalt	7
sabatier	7
pegasus	7
peg	7
peerless	7
vertrieb	7
furst	7
salerno	7
casper	7
peacock	7
salinas	7
tatiana	7
sally	7
gabor	7
gabrielle	7
tay	7
gaetano	7
fujita	7
fujikura	7
sakai	7
freund	7
sabic	7
fournier	7
fourth	7
frankfurt	7
safer	7
safilo	7
saga	7
ft	7
sagl	7
friends	7
said	7
frye	7
fsp	7
tarkett	7
suh	7
plan	7
collaborative	7
pre	7
essex	7
estado	7
esteban	7
powertech	7
eta	7
etablissement	7
etat	7
eternal	7
client	7
clever	7
taiho	7
posture	7
clemens	7
positec	7
taipei	7
cms	7
cns	7
chiao	7
tac	7
volcani	7
coke	7
envirotech	7
enzo	7
enzyme	7
epoch	7
rodrigues	7
erasmus	7
prestige	7
t3	7
cognition	7
prescott	7
rohan	7
coat	7
predictive	7
taisei	7
claus	7
clare	7
clamp	7
christos	7
pmc	7
facilities	7
faculty	7
choon	7
fairbanks	7
faiveley	7
falk	7
fantasy	7
plating	7
chiung	7
farkas	7
virgin	7
hastings	7
virgil	7
fabian	7
rosemarie	7
visions	7
vitae	7
evelyn	7
clair	7
windsor	7
wine	7
ewing	7
citroen	7
pontificia	7
cic	7
excelsior	7
cis	7
vit	7
exhaust	7
ciencies	7
expert	7
bm	7
utac	7
ogilvie	7
jaeger	7
shipping	7
mosaic	7
jenkem	7
liming	7
jeng	7
atwood	7
mcmahon	7
moteur	7
stephenson	7
textil	7
mcknight	7
jed	7
mckinley	7
yoram	7
lina	7
augmented	7
jazz	7
aids	7
mount	7
jasem	7
yonghua	7
aguilar	7
links	7
jamison	7
jameson	7
jalal	7
automazione	7
msa	7
automobiles	7
jenoptik	7
morse	7
jerzy	7
asml	7
jorg	7
monster	7
leviathan	7
akzo	7
jordi	7
ashok	7
shou	7
tufts	7
monty	7
joerg	7
traditional	7
ask	7
times	7
aspect	7
lillian	7
timing	7
liberation	7
mooney	7
measurements	7
liege	7
ajou	7
jnc	7
station	7
lih	7
airport	7
moreno	7
jiao	7
morpho	7
agropecuaria	7
liou	7
intenational	7
lisboa	7
ucb	7
lohmann	7
mccann	7
muszaki	7
muth	7
mw	7
mccall	7
sheri	7
mcallister	7
invisible	7
azad	7
spas	7
longitude	7
uif	7
ukraine	7
ulf	7
azionaria	7
interventional	7
intersil	7
nagel	7
shengli	7
ulma	7
spatial	7
terrell	7
yiu	7
spatiales	7
louisville	7
shelter	7
maynard	7
irrevocable	7
tesla	7
loh	7
mumford	7
jade	7
ivy	7
muenchen	7
mcdonough	7
iucf	7
itt	7
ll	7
tzeng	7
shik	7
yolanda	7
islands	7
avalon	7
isis	7
lli	7
stedim	7
toyama	7
lockheed	7
ishikawa	7
ishii	7
ube	7
ishida	7
locks	7
murat	7
avl	7
sherwin	7
axiom	7
uc	7
mcclure	7
jorgensen	7
jost	7
ash	7
jp	7
kia	7
thiessen	7
angstrom	7
zebra	7
anh	7
midland	7
annie	7
mer	7
kh	7
sinter	7
mental	7
sogang	7
yvette	7
memc	7
ketten	7
kyungpook	7
milestone	7
allegro	7
lac	7
lacy	7
apple	7
mellanox	7
kenney	7
kenkyusho	7
alireza	7
simply	7
apt	7
aptar	7
zenon	7
zbigniew	7
sjm	7
societac	7
anastasia	7
metering	7
thor	7
kolon	7
ames	7
amg	7
amgen	7
sm	7
smt	7
kogaku	7
koc	7
mh	7
koyo	7
tropical	7
amada	7
soc	7
skyline	7
anatoly	7
kiss	7
kirt	7
kress	7
anchors	7
zak	7
snu	7
kimree	7
zaadhandel	7
microscopy	7
zamora	7
microsystem	7
mel	7
keck	7
kb	7
leighton	7
solo	7
arnaud	7
thanh	7
mediterranee	7
tubes	7
arno	7
aro	7
jw	7
jv	7
aron	7
mohsen	7
artemis	7
meditec	7
sick	7
kahn	7
statoil	7
medico	7
albertus	7
arzneimittel	7
shyh	7
asaf	7
sonoco	7
leong	7
judd	7
leonidovich	7
money	7
jsc	7
jpmorgan	7
sig	7
tuan	7
kawasaki	7
kara	7
landing	7
arcsoft	7
katie	7
alford	7
silvia	7
solaris	7
areva	7
tsinghua	7
alexei	7
mirror	7
language	7
yuki	7
lanny	7
lanxess	7
layers	7
arlen	7
latham	7
translationale	7
mehmet	7
kanagawa	7
laundry	7
armand	7
lavoie	7
kamal	7
lay	7
kaken	7
mobis	7
sten	7
intergrated	7
logistica	7
bader	7
spire	7
bergmann	7
magellan	7
seng	7
mahdi	7
nlt	7
masanori	7
mail	7
universitaetsklinikum	7
hongik	7
honey	7
acquistion	7
springer	7
noell	7
bernhardt	7
hollander	7
bertram	7
hoerbiger	7
ackerman	7
nora	7
betty	7
hitek	7
selby	7
hite	7
beyer	7
maker	7
bgi	7
bharat	7
nisshinbo	7
nisshin	7
mad	7
yaron	7
materia	7
telegraph	7
bel	7
hurst	7
adriana	7
niels	7
huntington	7
unitech	7
bella	7
spirits	7
adhesives	7
mastercard	7
huadong	7
baer	7
unity	7
adhesive	7
bend	7
hsia	7
mackenzie	7
maclean	7
zoetis	7
howa	7
nishikawa	7
topcon	7
sennheiser	7
macronix	7
maldonado	7
toni	7
bhp	7
heaton	7
mannheim	7
ability	7
abe	7
seats	7
biotronik	7
strand	7
birla	7
heidi	7
heidelberger	7
ob	7
blackrock	7
hebert	7
healy	7
abrams	7
headwater	7
marker	7
oclaro	7
zvi	7
odpowiedzialnoscia	7
xm	7
tecnologies	7
xl	7
screw	7
bloom	7
marcio	7
ut	7
nutech	7
nurnberg	7
martina	7
mars	7
hip	7
accelerated	7
marti	7
academisch	7
hideo	7
tekstil	7
hgst	7
acacia	7
stores	7
managment	7
herrmann	7
hero	7
bingham	7
seco	7
heritage	7
yale	7
sri	7
srinivas	7
mani	7
nsk	7
marlon	7
seda	7
henley	7
nuance	7
manish	7
bioresearch	7
huynh	7
metco	7
ik	7
beaulieu	7
batz	7
nestec	7
torrey	7
maurizio	7
shade	7
bd	7
matic	7
neuman	7
temperature	7
stiles	7
aeris	7
lts	7
natalia	7
specialities	7
neuson	7
beaty	7
nevin	7
luxembourgeois	7
baltimore	7
battle	7
toa	7
unify	7
barco	7
inergy	7
informatica	7
lucio	7
lucky	7
tencor	7
aeronautic	7
indigo	7
incoporated	7
basel	7
lucid	7
neff	7
basil	7
lumber	7
ingalls	7
lumen	7
import	7
matsuo	7
lumens	7
lsi	7
yeo	7
beer	7
tod	7
insititute	7
nanotechnology	7
inst	7
newell	7
maxx	7
stinson	7
hyperion	7
ulsan	7
loyd	7
lyman	7
iberica	7
lyn	7
shear	7
newport	7
idex	7
idec	7
maxlinear	7
bejing	7
hvac	7
bakery	7
unist	7
allergy	6
sofia	6
spears	6
cts	6
sunedison	6
rocha	6
weld	6
rod	6
constantine	6
3r	6
staubli	6
smsc	6
wilfried	6
rhino	6
zibo	6
amc	6
whitfield	6
collar	6
amazonia	6
spear	6
sparks	6
smr	6
abs	6
rheinmetall	6
whitaker	6
currie	6
cubed	6
amar	6
aesthetics	6
curran	6
wheatley	6
columbus	6
ricerca	6
abc	6
rockefeller	6
cura	6
colon	6
altria	6
renew	6
alyssa	6
spec	6
coral	6
curators	6
aa	6
welfare	6
zeller	6
richtek	6
zi	6
willem	6
comany	6
amato	6
cubic	6
cue	6
collison	6
agarwal	6
culver	6
wellman	6
whalen	6
allyn	6
cororation	6
rights	6
compaction	6
commercialisation	6
aid	6
wholesale	6
rigel	6
crest	6
soultions	6
adama	6
airbag	6
concentric	6
alarm	6
zimmermann	6
superiore	6
zohar	6
albanese	6
aie	6
riunite	6
actuation	6
somers	6
aeon	6
spin	6
rising	6
wieland	6
retina	6
adrienne	6
sorensen	6
sophie	6
airlines	6
aire	6
wholly	6
reuven	6
ads	6
zhenhua	6
adminstrator	6
rev	6
coyle	6
cramer	6
whyte	6
westinghouse	6
stat	6
resesarch	6
rj	6
agile	6
roach	6
couch	6
sole	6
constantin	6
resarch	6
compay	6
rijk	6
wenzel	6
compact	6
agrawal	6
rg	6
wentworth	6
commission	6
alignment	6
src	6
aerospatiales	6
soken	6
spangler	6
spruce	6
alere	6
stanislawa	6
alec	6
covidien	6
ries	6
acs	6
staton	6
compound	6
zhan	6
acoustical	6
alekseevich	6
solis	6
rey	6
compnay	6
sunstar	6
werkzeugfabrik	6
ziekenhuis	6
westrock	6
coulter	6
werkzeugmaschinen	6
round	6
amer	6
sanus	6
beard	6
bbn	6
baumgartner	6
callaway	6
shahar	6
stiefel	6
shale	6
camilo	6
wooten	6
canfield	6
canopy	6
shangdong	6
based	6
shankar	6
capstone	6
cain	6
seymour	6
sandy	6
beat	6
yasuhiro	6
yasuo	6
sasaki	6
burkhardt	6
button	6
behbehani	6
byd	6
serrano	6
behavioral	6
byrne	6
beers	6
bedford	6
bechtel	6
stimulation	6
c3	6
cara	6
carbone	6
colibri	6
samuelson	6
carrillo	6
bacon	6
carver	6
stuttgart	6
yliopisto	6
salman	6
azienda	6
yo	6
aylward	6
salford	6
salesforce	6
ayers	6
cassandra	6
axle	6
cassidy	6
bahnbaumaschinen	6
carpet	6
bari	6
bak	6
cardiology	6
shaoxing	6
yes	6
shared	6
shari	6
banner	6
bandai	6
sharpe	6
studiorum	6
carmelo	6
sharps	6
bally	6
balaji	6
carmichael	6
bakken	6
belanger	6
bunge	6
bundesrepublik	6
xiaohui	6
xiaofeng	6
biosphere	6
bosco	6
biologii	6
biologies	6
biolab	6
yaacov	6
seeley	6
segal	6
bowling	6
boy	6
bracco	6
billiton	6
braking	6
bremer	6
schreiber	6
borden	6
sequent	6
biota	6
scinopharm	6
xiu	6
blueprint	6
sd	6
blanchard	6
blaise	6
blackstone	6
seahorse	6
blackburn	6
blackberry	6
xiaomi	6
bombardier	6
book	6
biotechnologia	6
bor	6
bigelow	6
strike	6
bial	6
yamasaki	6
bergstrom	6
structured	6
bruns	6
brunswick	6
wulf	6
bergemann	6
benton	6
benteler	6
yap	6
sentient	6
bulk	6
saturn	6
bello	6
bundesanstalt	6
seppic	6
brooklyn	6
seneca	6
seminconductor	6
brite	6
schalk	6
brice	6
bhatia	6
yamato	6
brigitte	6
bg	6
scanning	6
semicondutor	6
scandinavian	6
semicondcutor	6
bern	6
sbi	6
yangtze	6
sawyer	6
castaneda	6
wonju	6
style	6
cia	6
rosalind	6
sim	6
sime	6
archimedes	6
yurievich	6
arabian	6
aquatic	6
yury	6
appleton	6
rooney	6
apparatus	6
sinan	6
aplicada	6
apeiron	6
clarkson	6
ardent	6
chunghwa	6
chips	6
argo	6
armen	6
rotex	6
rotec	6
yugen	6
chonbuk	6
wiper	6
rosetta	6
winters	6
sii	6
armament	6
silergy	6
chroma	6
yuk	6
arias	6
winn	6
antolin	6
clearinghouse	6
sinha	6
yvonne	6
rojas	6
skinner	6
anatoli	6
coe	6
rogelio	6
amt	6
slack	6
slaughter	6
slick	6
amico	6
slocum	6
cohn	6
ametek	6
colgate	6
rodin	6
sumner	6
skills	6
willy	6
animation	6
winchester	6
sinochem	6
anson	6
clermont	6
ansaldo	6
anonima	6
cline	6
rolando	6
rollins	6
angelini	6
closed	6
andrade	6
skc	6
skeletal	6
chiun	6
sifang	6
salah	6
autoliv	6
wolverine	6
saab	6
centrale	6
ryder	6
cern	6
cerner	6
rwth	6
rv	6
ship	6
rutledge	6
certainteed	6
shire	6
atmos	6
shock	6
astra	6
shimon	6
cecilia	6
roto	6
cecile	6
styrolution	6
shieh	6
wonders	6
avaya	6
yokogawa	6
sai	6
sagem	6
catalytic	6
catch	6
cavendish	6
cci	6
ccl	6
ce	6
automative	6
cecchi	6
cgg	6
chadwick	6
russel	6
chair	6
suez	6
yuasa	6
chemische	6
arx	6
arvind	6
artur	6
wirtz	6
cherie	6
siddiqui	6
rovi	6
arp	6
rousseau	6
blume	6
stepan	6
chimiques	6
yuansheng	6
asd	6
rs	6
wittenstein	6
chak	6
aston	6
assessment	6
chamberlain	6
champ	6
wizard	6
change	6
ruag	6
changsha	6
asian	6
chappell	6
charlene	6
rubbermaid	6
charleston	6
remy	6
zwick	6
cyprus	6
northeast	6
langdon	6
heller	6
trax	6
nuova	6
henan	6
ur	6
nuflare	6
treasure	6
ntn	6
lafferty	6
hercules	6
nox	6
heriberto	6
novus	6
unversity	6
herron	6
tianqing	6
hertz	6
uno	6
hewitt	6
hilary	6
langley	6
trap	6
nutzfahrzeuge	6
occhiali	6
legend	6
lea	6
tillman	6
user	6
oeffentlichen	6
odom	6
oculus	6
ocular	6
czech	6
layne	6
nuvo	6
heck	6
teddy	6
urs	6
o2	6
heil	6
nz	6
lavorazione	6
helene	6
laumonier	6
labo	6
kverneland	6
girl	6
hirofumi	6
mercedes	6
nishimura	6
houle	6
hoy	6
kumho	6
hoyos	6
hoyt	6
nils	6
triad	6
kulkarni	6
kuka	6
nilesh	6
telefonica	6
hubner	6
mercy	6
huddleston	6
nikola	6
nike	6
huffman	6
humaines	6
nie	6
horvath	6
horlogere	6
nitin	6
men	6
noroo	6
normand	6
univesity	6
hit	6
hitch	6
norgren	6
kustenforschung	6
nordstrom	6
hiwin	6
kurtz	6
horacio	6
hoff	6
mendoza	6
mercantile	6
hollister	6
noe	6
universitaetsmedizin	6
noa	6
hopper	6
nix	6
legrand	6
timber	6
hawley	6
usui	6
vall	6
lightwave	6
orthodontics	6
valeriy	6
grifols	6
mead	6
meadow	6
orient	6
guerra	6
guidance	6
guidry	6
liaison	6
guillaume	6
orchard	6
orban	6
mech	6
gunderson	6
opus	6
valenciana	6
gyogyszergyar	6
optix	6
gregor	6
greenwood	6
valle	6
gonzales	6
gn	6
goal	6
ozaki	6
godwin	6
goel	6
variable	6
goff	6
gon	6
owned	6
middleton	6
greenhouse	6
lima	6
ovivo	6
gould	6
technolog	6
grainger	6
grass	6
grassi	6
grasso	6
osman	6
optimization	6
haase	6
technologien	6
tecnicas	6
lenny	6
olympic	6
olsson	6
hanley	6
hannover	6
hannstar	6
hare	6
hari	6
oled	6
harmonics	6
handel	6
harmony	6
lennox	6
hartwell	6
harwood	6
medicinal	6
lena	6
trainer	6
hatfield	6
hausgeraete	6
om	6
hamm	6
lia	6
technos	6
lew	6
haber	6
hackett	6
vale	6
ophthalmics	6
hadley	6
haicun	6
hainan	6
onyx	6
mecklenburg	6
omg	6
haldor	6
onera	6
haley	6
halla	6
halle	6
lesley	6
hamad	6
omnivision	6
leone	6
hutchins	6
hutnicza	6
hydraulik	6
kobelco	6
jss	6
thai	6
monahan	6
mona	6
klassen	6
troxler	6
kirill	6
juniper	6
kingston	6
molded	6
mok	6
kinder	6
k2	6
kabi	6
kacst	6
theo	6
theodor	6
kagawa	6
theodorus	6
kah	6
kaisya	6
monkey	6
jonathon	6
tf	6
jj	6
jeanette	6
triumph	6
mostafa	6
turtle	6
moskowitz	6
morteza	6
morten	6
kline	6
kleiner	6
michaud	6
johansson	6
moreau	6
jl	6
mora	6
joann	6
tulsa	6
job	6
jochen	6
jodi	6
johanna	6
tt	6
mmi	6
kanazawa	6
truong	6
kemira	6
microtech	6
milo	6
milne	6
kidde	6
kentucky	6
millennial	6
thermiques	6
kenwood	6
kereskedelmi	6
keiko	6
mil	6
mikron	6
kid	6
mikroelektronik	6
keung	6
mikko	6
keys	6
middle	6
middleby	6
therma	6
kien	6
kansas	6
mir	6
mitel	6
mitek	6
kiko	6
tsuji	6
karan	6
karin	6
karlsruher	6
mirrors	6
katharine	6
mint	6
mindray	6
kathrein	6
kaufmann	6
tsc	6
minh	6
trustess	6
keen	6
kikai	6
keenan	6
minds	6
text	6
jayne	6
hyeon	6
kobo	6
ness	6
immuno	6
neos	6
kostal	6
imra	6
imre	6
uniao	6
unger	6
induction	6
industies	6
tenneco	6
infants	6
kosan	6
nauchno	6
infotech	6
thorn	6
ingenieurgesellschaft	6
umbra	6
kopp	6
native	6
inha	6
nest	6
kothari	6
immobilien	6
kristine	6
nhu	6
hygienic	6
hyman	6
krzysztof	6
nexgen	6
nex	6
kruger	6
news	6
newcomb	6
idt	6
3b	6
nevins	6
ignite	6
ihp	6
ikeda	6
ilac	6
iletisim	6
illumina	6
mesh	6
networking	6
ulvac	6
nathalie	6
innocom	6
trion	6
metro	6
myoung	6
kok	6
myeong	6
kojima	6
muse	6
isaacson	6
koito	6
isaiah	6
munster	6
nader	6
ishizaki	6
kodak	6
mun	6
mg	6
ismail	6
isp	6
jafar	6
janeiro	6
janusz	6
investigacao	6
nagano	6
ultrasound	6
inside	6
ultrasonics	6
naser	6
innovate	6
kookmin	6
nara	6
innovision	6
naoki	6
ultrasonic	6
insa	6
metcalf	6
internationale	6
terje	6
instant	6
namco	6
metiers	6
interiors	6
nair	6
koki	6
intermodal	6
nagy	6
lime	6
goo	6
padilla	6
elder	6
economico	6
tooth	6
pumpen	6
pukyong	6
puig	6
einstein	6
vws	6
ej	6
pryor	6
eldon	6
synthes	6
electriques	6
vp	6
voting	6
voss	6
elettronica	6
elia	6
proof	6
eliezer	6
eliot	6
ecology	6
putnam	6
eliza	6
qinhuangdao	6
qun	6
marx	6
wales	6
waldner	6
dunan	6
dunlap	6
dust	6
quaker	6
qu	6
majed	6
maschinebau	6
maryam	6
maryann	6
earnest	6
masahiro	6
wago	6
ebm	6
ebner	6
eckert	6
eckhard	6
vortex	6
prof	6
polyurethane	6
mcmaster	6
prashant	6
pradeep	6
ppg	6
estudios	6
vivek	6
viva	6
eugen	6
m2	6
mater	6
toro	6
essential	6
porto	6
portland	6
europeen	6
europeenne	6
everest	6
materialien	6
evolve	6
evolved	6
pools	6
tadashi	6
prazisionswerkzeuge	6
embalagens	6
eon	6
producers	6
emulsions	6
szu	6
energetics	6
entreprises	6
volk	6
primus	6
primo	6
enviro	6
equipments	6
espanola	6
macao	6
ericson	6
esbatech	6
prem	6
pregis	6
esco	6
vlad	6
vivid	6
vivian	6
r2	6
rabin	6
drum	6
delhi	6
webasto	6
redmond	6
deal	6
decision	6
mansfield	6
defender	6
marking	6
delavan	6
wavefront	6
deluxe	6
mantenedora	6
demag	6
realty	6
dematic	6
waterworks	6
reactive	6
rb	6
dermatology	6
marlene	6
rayon	6
redwood	6
dartmouth	6
waller	6
dali	6
remi	6
daegu	6
margo	6
dah	6
daido	6
dainippon	6
daisy	6
suspension	6
dal	6
marcello	6
darius	6
weifang	6
rehab	6
suss	6
registry	6
dame	6
tomy	6
dao	6
sutter	6
wegmann	6
designed	6
raychem	6
ravindra	6
dolores	6
dis	6
discoveries	6
disney	6
warning	6
rami	6
rama	6
malek	6
making	6
make	6
donahue	6
developement	6
dongfang	6
dongguk	6
donnelley	6
donnelly	6
major	6
raffaele	6
rafal	6
douglass	6
drink	6
dirt	6
malley	6
directional	6
sweeney	6
marquette	6
devito	6
devon	6
rational	6
dewey	6
ras	6
marquis	6
dhabi	6
diagnostica	6
dial	6
rangel	6
dialogic	6
mancini	6
dimensions	6
malvern	6
rana	6
maloney	6
mallory	6
dinh	6
pond	6
eureka	6
experience	6
logics	6
friction	6
percy	6
friend	6
mcclain	6
vest	6
fritsch	6
fruit	6
targets	6
mcconnell	6
fukuda	6
freiburg	6
peggy	6
fulton	6
pederson	6
furnace	6
peck	6
fushun	6
futura	6
fuzhou	6
tas	6
vestas	6
freedman	6
fo	6
petrov	6
phan	6
foodservice	6
vicki	6
forc	6
forensic	6
lovell	6
pfizer	6
forge	6
pollack	6
louie	6
freddie	6
lothar	6
fotoniques	6
taras	6
foundations	6
frames	6
vet	6
person	6
frazer	6
lone	6
fx	6
ga	6
pb	6
vce	6
gemeinnuetzige	6
vent	6
generator	6
mckee	6
parenti	6
geneva	6
genoa	6
gerd	6
gerry	6
mckinney	6
paxton	6
gh	6
pam	6
gianfranco	6
gifford	6
giga	6
vast	6
gillette	6
gillian	6
ginger	6
ventana	6
gedeon	6
mcintosh	6
venus	6
gage	6
mccurdy	6
tc	6
tci	6
galaxy	6
patti	6
mcfarland	6
gan	6
ganesh	6
linz	6
mcguire	6
gareth	6
pathfinder	6
patheon	6
patente	6
garrison	6
patch	6
verbindungstechnik	6
gatekeeper	6
vickie	6
mikael	6
fc	6
tms	6
tamer	6
ly	6
federation	6
piper	6
vinod	6
feinstein	6
fabrice	6
pino	6
filho	6
fergus	6
maufacturing	6
lucien	6
ferrari	6
pillow	6
fibres	6
fifth	6
fd	6
fca	6
mathias	6
pixels	6
farah	6
farhan	6
luoyang	6
farmaceuticos	6
plasser	6
plaza	6
plasmaforschung	6
plex	6
farrow	6
fahad	6
plum	6
fashions	6
faulkner	6
lum	6
plummer	6
fighting	6
pignone	6
filip	6
lyles	6
takahiro	6
fink	6
physik	6
finley	6
fiore	6
expressway	6
visteon	6
lozano	6
firth	6
phone	6
fitting	6
fitzpatrick	6
flame	6
fluor	6
phelps	6
physiology	6
farhad	6
taneja	6
toto	6
ltc	6
lubrication	6
fabricators	6
materiel	6
lucian	6
pier	6
fina	6
zuckerman	5
trias	5
staszica	5
staples	5
tp	5
tornier	5
ze	5
zhihong	5
stauffer	5
tippmann	5
tomer	5
tomlinson	5
starkey	5
zug	5
zion	5
tractor	5
torre	5
tomra	5
zhiyong	5
trican	5
tonya	5
ton	5
ziv	5
trinh	5
tite	5
tronics	5
topline	5
tidal	5
zoo	5
topical	5
zhuo	5
zack	5
zahra	5
starlite	5
thomsen	5
tivo	5
touchstone	5
tile	5
tray	5
tore	5
timur	5
toth	5
trademark	5
timo	5
tone	5
thule	5
threat	5
zhongwei	5
tipton	5
torino	5
toshio	5
trucks	5
steen	5
thought	5
stanislaw	5
transfusion	5
thom	5
timbre	5
tecsis	5
thibodeaux	5
success	5
vetmedica	5
vibrant	5
wolfson	5
tanya	5
vida	5
vidyapeetham	5
vieira	5
tango	5
vikram	5
witt	5
witold	5
wonder	5
witham	5
sudzucker	5
ville	5
vinci	5
sui	5
wirtschaft	5
takeuchi	5
takenaka	5
takehiro	5
sum	5
tarek	5
targeting	5
thi	5
studer	5
valeri	5
valerio	5
valin	5
valor	5
wray	5
vartanian	5
vasco	5
vassallo	5
worlds	5
technic	5
velos	5
tarik	5
teague	5
woojin	5
venturi	5
tcs	5
tcm	5
stuff	5
woody	5
verma	5
veronica	5
tarsasag	5
winslow	5
takara	5
vishwa	5
waves	5
whan	5
wha	5
weylchem	5
wash	5
washburn	5
swatch	5
swarovski	5
waterford	5
westmoreland	5
watford	5
supreme	5
sumco	5
sur	5
weather	5
webber	5
weg	5
sussex	5
surgeons	5
wellhead	5
weihai	5
weldon	5
surrey	5
wann	5
sup	5
swisher	5
whitford	5
vitalis	5
vitaly	5
vittorio	5
viv	5
taicang	5
tad	5
tabor	5
vmware	5
vollmer	5
vonage	5
vue	5
wabco	5
waggoner	5
synopsys	5
wiggins	5
sunset	5
wahl	5
wiegand	5
wahoo	5
symphony	5
sunyer	5
valenzuela	5
wyeth	5
wylie	5
yim	5
yoji	5
yogesh	5
ubiquity	5
ucc	5
ucla	5
uei	5
yitzhak	5
ulrike	5
yip	5
yinhuey	5
ter	5
unipessoal	5
yeti	5
teq	5
teodoro	5
yefim	5
yazilim	5
unilever	5
tempo	5
yazaki	5
unilin	5
yaw	5
yoko	5
tetsuya	5
tx	5
tw	5
theta	5
yvon	5
truss	5
trusted	5
steinberg	5
yungjin	5
tsukuba	5
tubingen	5
tubulars	5
thang	5
tudomanyegyetem	5
thane	5
tuebingen	5
thakur	5
tuff	5
yoshinori	5
tumori	5
turning	5
turnkey	5
tuttle	5
yongxin	5
unipersonal	5
telekom	5
technologico	5
tecnologicos	5
strain	5
uros	5
ursula	5
xtralis	5
teco	5
strasbourg	5
usher	5
usp	5
xj	5
stratec	5
utilities	5
unisantis	5
tecnologico	5
utrecht	5
tecnico	5
xiaolin	5
vad	5
vaderstad	5
vail	5
xenon	5
xemc	5
valentina	5
tehnology	5
xuchang	5
tehrani	5
uriel	5
stmicroeletronics	5
yaskawa	5
stoddard	5
yariv	5
yara	5
univerisity	5
stojan	5
yangzhou	5
universit	5
universitaires	5
yanfeng	5
stoner	5
universiti	5
yamazaki	5
tele	5
unm	5
storey	5
yachts	5
upm	5
xuzhou	5
stover	5
viswanathan	5
2m	5
stairs	5
endoscopy	5
endustriyel	5
energietechnik	5
engin	5
entropic	5
entwicklungsgesellschaft	5
envelope	5
enviromental	5
environics	5
environnement	5
equipamentos	5
er	5
ergo	5
eriksson	5
ernie	5
esi	5
esko	5
esm	5
estudis	5
eti	5
endovascular	5
emitec	5
eurodrive	5
embrapa	5
echogen	5
economy	5
ecopro	5
edan	5
ehud	5
ehwa	5
eide	5
eiji	5
eisai	5
eko	5
elad	5
elastic	5
elecric	5
electroncs	5
electronik	5
elekta	5
elektronische	5
elise	5
elk	5
eugenia	5
evers	5
ea	5
fedex	5
felelossegu	5
feliciano	5
fencing	5
fenner	5
fenton	5
fiberoptics	5
fidelity	5
financiere	5
finishing	5
fins	5
fiocruz	5
firearm	5
firefly	5
firm	5
fishman	5
fitzsimmons	5
fixations	5
flavors	5
flip	5
feg	5
feather	5
evich	5
fashion	5
evo	5
excalibur	5
excelitas	5
exergy	5
exfo	5
exodus	5
exp	5
exploitatie	5
explorer	5
expressions	5
extend	5
extremity	5
eyeverify	5
fabien	5
fabre	5
fai	5
farid	5
faris	5
farley	5
ebay	5
e2v	5
fold	5
dar	5
darling	5
darwin	5
datang	5
davide	5
davinci	5
davison	5
dawei	5
daylight	5
dc	5
dd	5
dds	5
dea	5
debbie	5
defrank	5
degremont	5
degussa	5
delegue	5
deluca	5
dem	5
darcy	5
dalsa	5
denka	5
dalrymple	5
csmc	5
csp	5
cspc	5
ct	5
ctc	5
cuff	5
cumulus	5
cup	5
currency	5
cut	5
cutler	5
cvi	5
cy	5
cylinders	5
daewoo	5
daicel	5
daikin	5
daily	5
daiwa	5
dempsey	5
dennison	5
dynapac	5
doctor	5
dometic	5
donato	5
doris	5
dowd	5
downs	5
dresser	5
drill	5
driven	5
drone	5
druckmaschinen	5
drugs	5
duerr	5
duff	5
dumas	5
dunne	5
dunstan	5
duquesne	5
durand	5
dy	5
dolly	5
dnp	5
denovo	5
dmitriy	5
detroit	5
dev	5
developmental	5
developpements	5
devlin	5
dewayne	5
dick	5
dienst	5
dilip	5
dill	5
din	5
dina	5
dino	5
directed	5
disk	5
distributed	5
ditto	5
dk	5
dmitri	5
fluidics	5
forage	5
stage	5
hashim	5
hashomer	5
hau	5
hauck	5
haute	5
haven	5
hawkeye	5
hazard	5
hazel	5
hc	5
hct	5
heads	5
heal	5
hear	5
hebron	5
heiko	5
hein	5
hellas	5
helmholtzzentrum	5
helmuth	5
hashimoto	5
harting	5
hengst	5
hartford	5
guangxi	5
gulli	5
guys	5
gw	5
gwen	5
h2o	5
haddock	5
hadi	5
haibin	5
haitao	5
halbleiterpruftechnik	5
haller	5
hallstadt	5
hamel	5
hanan	5
handelsgesellschaft	5
hani	5
hannon	5
hardison	5
hendel	5
henniges	5
grove	5
horizons	5
hospices	5
household	5
housing	5
hovione	5
howden	5
hoyle	5
hq	5
ht	5
hti	5
hts	5
humboldt	5
hussein	5
hyde	5
hydraulic	5
hyosung	5
ibex	5
ibs	5
ido	5
igt	5
horng	5
hooper	5
henson	5
hoo	5
hernan	5
herve	5
hinds	5
hinton	5
hiroaki	5
hispania	5
hisun	5
hitoshi	5
hive	5
hl	5
hobson	5
hochfrequenztechnik	5
hockey	5
hoffer	5
hogue	5
hokanson	5
hold	5
holley	5
homer	5
gta	5
grote	5
forging	5
g2	5
gaines	5
gala	5
galileo	5
galloway	5
gamma	5
gamon	5
gansu	5
gap	5
garlock	5
garment	5
garvey	5
gaston	5
gauge	5
gc	5
gci	5
gehring	5
gel	5
geller	5
gencell	5
gachon	5
fz	5
generics	5
futaba	5
forrester	5
forschungsgesellschaft	5
forschungzentrum	5
forshung	5
forsight	5
forum	5
foton	5
fr	5
franche	5
franck	5
franti	5
freitas	5
friendly	5
frisch	5
frontiers	5
fuente	5
funai	5
furuno	5
fuse	5
generic	5
genia	5
griswold	5
goertek	5
goode	5
gopal	5
gorilla	5
gorniczo	5
gotzen	5
governing	5
govind	5
govt	5
graber	5
graco	5
gradient	5
granite	5
graphite	5
greenlee	5
greenwald	5
greiner	5
grenzebach	5
grieshaber	5
grinding	5
goethe	5
godfrey	5
genova	5
givaudan	5
gentherm	5
genus	5
geosystems	5
geotab	5
geotech	5
geothermal	5
geraldine	5
gerrard	5
gesmbh	5
getinge	5
gf	5
gifts	5
gilad	5
gilchrist	5
gilmore	5
gilson	5
gimeno	5
gino	5
girish	5
csl	5
crytur	5
crucible	5
aubrey	5
audible	5
audrey	5
augusta	5
authentication	5
automatique	5
automotives	5
autron	5
avalanche	5
avancados	5
avancats	5
avila	5
avio	5
avon	5
axion	5
ayman	5
azure	5
b3	5
bachmann	5
bad	5
auckland	5
attachments	5
bain	5
atc	5
araujo	5
archibald	5
archie	5
ares	5
arima	5
arlanxeo	5
arman	5
armement	5
armi	5
ars	5
arvos	5
ascensia	5
asco	5
ashby	5
asi	5
asmo	5
associacao	5
astrium	5
astute	5
bags	5
bair	5
aragon	5
behzad	5
bela	5
beloit	5
belting	5
bendix	5
benelux	5
bent	5
benz	5
bergen	5
berglund	5
berkeley	5
berkshire	5
berthold	5
besancon	5
betz	5
bhat	5
bhs	5
bike	5
bilgisayar	5
bilisim	5
bekaert	5
beds	5
bakelite	5
bedding	5
ballistics	5
banknote	5
banks	5
baoshan	5
baptiste	5
barak	5
barnard	5
barnhart	5
barrel	5
barron	5
bartholomew	5
baruch	5
bassett	5
batchelor	5
batista	5
baugh	5
baum	5
bc	5
beasley	5
aramco	5
arad	5
crouch	5
adva	5
ae	5
aeroflex	5
aerojet	5
afc	5
afshin	5
aga	5
agence	5
agie	5
aging	5
agrochem	5
agrochemicals	5
ags	5
ah	5
ahead	5
aiello	5
aimee	5
aircom	5
airway	5
akademie	5
advantest	5
aduro	5
akteingesellschaft	5
adt	5
3rd	5
5d	5
aalborg	5
abbey	5
abdulmohsen	5
abed	5
abhijit	5
accessory	5
acciona	5
accuride	5
aces	5
acorn	5
acp	5
actega	5
acuity	5
adamant	5
adco	5
addison	5
additives	5
akers	5
aktiengsellschaft	5
arabia	5
altair	5
altor	5
alva	5
alves	5
americo	5
amparo	5
amsted	5
amusement	5
anastasios	5
andes	5
ando	5
angus	5
ant	5
antecip	5
antennas	5
antisense	5
antonino	5
antwerpen	5
aon	5
apr	5
altisource	5
als	5
alaska	5
alon	5
albany	5
albee	5
albemarle	5
alchemy	5
alcohol	5
alejandra	5
alenia	5
alexandrovich	5
alexandru	5
algae	5
alimentacion	5
alisa	5
alistair	5
aller	5
alley	5
allium	5
alltec	5
allure	5
almeida	5
billings	5
bioactive	5
biochemistry	5
clarcor	5
clearview	5
clemente	5
cleva	5
climber	5
cnpc	5
co2	5
cochran	5
cogent	5
coin	5
colbert	5
coley	5
collection	5
colleges	5
collin	5
colors	5
colton	5
comau	5
combat	5
comercial	5
clause	5
clara	5
companhia	5
ck	5
charter	5
cheatham	5
cheney	5
cheon	5
cheong	5
chern	5
cherry	5
childrens	5
choo	5
chosun	5
chowdhury	5
chr	5
christelijk	5
christianson	5
chs	5
chuen	5
ciencias	5
cientifica	5
civils	5
comp	5
compiegne	5
biofire	5
cornelis	5
corporaiton	5
corporatoin	5
corportaion	5
corportation	5
cottrell	5
couplers	5
covers	5
cpg	5
crandall	5
crawley	5
crazy	5
credit	5
cree	5
crescent	5
crew	5
crocus	5
croft	5
cronin	5
crook	5
corona	5
coriant	5
complete	5
copmany	5
compounds	5
conception	5
conceptual	5
condon	5
conductive	5
conductix	5
conduent	5
conklin	5
connectek	5
conocophillips	5
conopco	5
consorzio	5
constellation	5
construcciones	5
containment	5
continuous	5
coolers	5
copeland	5
copenhagen	5
charmilles	5
changwon	5
changjiang	5
boll	5
bonding	5
boreal	5
borealis	5
borg	5
born	5
bos	5
boshoku	5
boulder	5
boyle	5
bradshaw	5
break	5
breen	5
bremen	5
britannic	5
britax	5
britton	5
broadridge	5
broderick	5
broughton	5
bolton	5
boehm	5
chancellor	5
boehler	5
biofuel	5
bioinformatics	5
biolitec	5
biomedicals	5
biomediques	5
biophysics	5
bios	5
biospin	5
birch	5
bjorn	5
blanco	5
blessing	5
blind	5
blink	5
bluesky	5
bmc	5
bmt	5
boat	5
bobst	5
broussard	5
browning	5
bsn	5
bu	5
cassidian	5
caster	5
castings	5
catala	5
catalana	5
catalina	5
catalysis	5
catarina	5
cave	5
ceballos	5
celgene	5
cellco	5
cem	5
cerion	5
cervantes	5
ch	5
chakravarthy	5
chameleon	5
champagne	5
cases	5
cascades	5
carton	5
cae	5
buchholz	5
buckingham	5
bui	5
bullock	5
burdick	5
buss	5
cadila	5
cadillac	5
cafes	5
carly	5
calabrese	5
calhoun	5
caliber	5
camber	5
cams	5
candle	5
capone	5
cargill	5
ihracat	5
imds	5
immunology	5
portfolio	5
pos	5
potempa	5
potsdam	5
poulsen	5
pq	5
pr	5
prasidenten	5
praveen	5
praxair	5
precious	5
precison	5
preferred	5
premark	5
presta	5
primal	5
probst	5
produkte	5
prop	5
propery	5
portugal	5
portal	5
protec	5
population	5
pilkington	5
piping	5
pirelli	5
pit	5
pj	5
plantations	5
plasticos	5
plastik	5
platypus	5
plexus	5
plumbing	5
plymouth	5
pmt	5
points	5
poitiers	5
polishing	5
politechnika	5
politecnico	5
popa	5
pros	5
ps	5
pico	5
raja	5
raju	5
ramiro	5
ramp	5
ramsay	5
ranch	5
rap4	5
rapids	5
ratliff	5
rau	5
raw	5
rayner	5
rea	5
really	5
rebel	5
recon	5
reda	5
redline	5
redmon	5
reduction	5
rajesh	5
rai	5
puckett	5
radiological	5
pugh	5
pull	5
puma	5
purification	5
purks	5
py	5
pyramid	5
quad	5
quin	5
quinones	5
quintana	5
quip	5
quoc	5
qureshi	5
rabelais	5
racks	5
radial	5
radian	5
radical	5
pigments	5
picard	5
nobuyuki	5
okayama	5
ole	5
olin	5
omri	5
omrix	5
oms	5
ono	5
opco	5
opera	5
ophir	5
optica	5
opw	5
oreal	5
ospedale	5
otkrytoe	5
ottawa	5
otvetstvennostju	5
outlook	5
output	5
overseas	5
olaf	5
oji	5
pacesetter	5
ograniczona	5
nomura	5
nortek	5
northstar	5
note	5
novasep	5
ns	5
nt	5
nufront	5
nurse	5
nutri	5
nuvera	5
oaks	5
oakwood	5
oberthur	5
oceanographic	5
oe	5
oesterreich	5
ogden	5
ogranichennoj	5
paar	5
packer	5
piao	5
paykel	5
pci	5
pcs	5
pe	5
pellet	5
pena	5
pencil	5
penner	5
peptides	5
perceptive	5
perrin	5
petrobras	5
petrovich	5
pgi	5
pgs	5
ph	5
pharamceuticals	5
pharmacueticals	5
physio	5
physique	5
pbc	5
pay	5
pactiv	5
pavilion	5
pagan	5
paik	5
pallet	5
palmolive	5
panalytical	5
pandora	5
pangang	5
papers	5
parham	5
pari	5
parry	5
participations	5
pascale	5
pathogen	5
pathway	5
patil	5
patsy	5
pauline	5
paulson	5
reg	5
regan	5
regen	5
serenity	5
serum	5
sewell	5
sgl	5
shahriar	5
shailendra	5
shantha	5
share	5
shark	5
shearer	5
sheets	5
sheikh	5
shelf	5
sherrill	5
shimadzu	5
shimane	5
shinichi	5
shoemaker	5
shower	5
shuster	5
sergeevich	5
sercel	5
sidel	5
seob	5
screening	5
scuola	5
sdl	5
seasons	5
seaton	5
secret	5
securities	5
sega	5
segura	5
sei	5
seibu	5
seidel	5
seiken	5
seisakusyo	5
selena	5
sell	5
senju	5
sens	5
sensorik	5
siang	5
siemag	5
regent	5
solano	5
somerville	5
sonja	5
soraa	5
sos	5
sosa	5
sostenibile	5
soul	5
sourcing	5
specialist	5
spero	5
spf	5
spiller	5
spiral	5
spivey	5
spreader	5
sprout	5
sridhar	5
stabilization	5
stadler	5
soma	5
soffa	5
siempelkamp	5
soda	5
sign	5
sika	5
silk	5
silvano	5
simmonds	5
simplicity	5
simplify	5
singen	5
sintetici	5
sistemleri	5
siva	5
ski	5
skye	5
smooth	5
smp	5
smyth	5
sniper	5
snowden	5
socket	5
scimed	5
schumacher	5
schulman	5
revo	5
ric	5
riccardo	5
richey	5
riddle	5
ridley	5
rife	5
risi	5
rita	5
roar	5
robbin	5
robins	5
robots	5
roddy	5
rodgers	5
rok	5
romeo	5
roofing	5
roosevelt	5
rope	5
rheaume	5
reverse	5
schofield	5
retro	5
rego	5
reinhold	5
reiter	5
relay	5
remo	5
renaissance	5
renal	5
renk	5
renovables	5
rent	5
rep	5
replacement	5
represente	5
res	5
reservoir	5
resh	5
resmed	5
restoration	5
reszvenytarsasag	5
roquette	5
rosemary	5
rosemont	5
rosenblum	5
samuels	5
sander	5
sandoval	5
sangmyung	5
sanita	5
sanitaria	5
sarria	5
sat	5
saud	5
savannah	5
saver	5
savvy	5
scene	5
schaeffer	5
scharf	5
schickard	5
schill	5
schilling	5
schindler	5
sampson	5
salz	5
salama	5
royer	5
rosenthal	5
rotary	5
rotem	5
rothenberg	5
rousset	5
route	5
rowan	5
roxanne	5
rpc	5
sakura	5
rsearch	5
rt	5
rudd	5
saba	5
sabo	5
sachs	5
sacmi	5
saeid	5
noh	5
nitesh	5
immunotherapeutics	5
kogyosho	5
koike	5
koller	5
kool	5
kozak	5
krieger	5
kristina	5
kristy	5
ksb	5
kui	5
kulicke	5
kum	5
kumamoto	5
kunz	5
kupper	5
kuwait	5
kwangwoon	5
labtech	5
lamont	5
lancaster	5
kohan	5
kochi	5
landi	5
knudsen	5
keane	5
kearney	5
keeffe	5
kellogg	5
kemper	5
keng	5
kenton	5
kenyon	5
kermit	5
kerri	5
kimberley	5
kings	5
kingsley	5
kingspan	5
kite	5
kmc	5
knauf	5
knife	5
knowlton	5
lander	5
landmark	5
kd	5
lifetime	5
lijun	5
lilly	5
limitata	5
limtied	5
linc	5
lind	5
linder	5
lindner	5
liner	5
lippert	5
llewellyn	5
lms	5
loc	5
locke	5
locomotive	5
logitech	5
longhi	5
look	5
loud	5
lightspeed	5
lifescience	5
langlois	5
lidia	5
lansing	5
lanzhou	5
lap	5
lasermax	5
lasko	5
laufer	5
launch	5
layton	5
league	5
leak	5
leal	5
leggett	5
lehmann	5
leith	5
lek	5
leopold	5
leto	5
leuze	5
liam	5
kean	5
kc	5
nintendo	5
internation	5
intl	5
intralot	5
intrinsic	5
inventive	5
inventure	5
investigacions	5
invictus	5
ionic	5
iqe	5
ir	5
irina	5
irvine	5
isabelle	5
ishihara	5
isle	5
iso	5
italiano	5
ithalat	5
itochu	5
intitute	5
internaitonal	5
ixys	5
intellecutal	5
imola	5
impossible	5
ina	5
inalfa	5
inbev	5
incubator	5
industrietechnik	5
infant	5
infektionsforschung	5
infotechnology	5
infusion	5
ingenio	5
inhibrx	5
innotec	5
innov	5
inrix	5
insaat	5
institucio	5
intech	5
itzhak	5
jabil	5
kazuhiro	5
justine	5
kaba	5
kabel	5
kabir	5
kadant	5
kae	5
kaist	5
kalb	5
kamran	5
kanto	5
kanzaki	5
kapoor	5
karam	5
karlsruhe	5
kasper	5
kataoka	5
katrina	5
kauffman	5
kawamoto	5
kazuhiko	5
justus	5
jushi	5
jacoby	5
juridical	5
jafari	5
jai	5
jankowski	5
javelin	5
jee	5
jeffries	5
jenbacher	5
jennie	5
jess	5
jewell	5
jianhua	5
jianping	5
jidoshokki	5
jih	5
jiun	5
joanna	5
johansen	5
judge	5
jue	5
lowry	5
lucero	5
lucia	5
mimaki	5
mindy	5
miracle	5
mitac	5
mitsumi	5
mk	5
mochida	5
modules	5
modus	5
moeller	5
moffat	5
moffett	5
moises	5
molina	5
molnar	5
momentive	5
monarch	5
mondi	5
monolith	5
monterrey	5
mina	5
millard	5
morning	5
mikro	5
merus	5
merz	5
messer	5
messier	5
messina	5
metabolic	5
methodist	5
methods	5
mexicano	5
miba	5
michaels	5
michiel	5
mickey	5
micropower	5
midas	5
mighty	5
mika	5
mikal	5
mikel	5
morley	5
mosley	5
ludwigs	5
nath	5
naturals	5
nava	5
navin	5
naylor	5
ncc	5
ndt	5
netcom	5
netqin	5
neubauer	5
neumann	5
neurotech	5
neusoft	5
newco	5
neworks	5
newtec	5
ngo	5
nicolai	5
nikolaos	5
nilfisk	5
nathanael	5
napier	5
motiv	5
nant	5
motorola	5
mott	5
mounting	5
mtn	5
mtu	5
multiscale	5
multivac	5
munro	5
munson	5
museum	5
myong	5
nagai	5
nagaoka	5
nagravision	5
nai	5
nakashima	5
nakayama	5
nance	5
nanosystems	5
merry	5
merkle	5
merkel	5
mahajan	5
majid	5
malina	5
managed	5
manitoba	5
manor	5
manu	5
maor	5
maple	5
marathon	5
march	5
marchand	5
marcin	5
markem	5
marlin	5
marquez	5
marston	5
martins	5
marwan	5
massimiliano	5
maitland	5
maha	5
mentor	5
magee	5
lugo	5
lui	5
luisa	5
lukas	5
lumo	5
lures	5
lutron	5
luye	5
lydia	5
lynda	5
maag	5
mab	5
macau	5
machado	5
mackinnon	5
macmillan	5
macrae	5
macro	5
madden	5
massoud	5
materiales	5
materiali	5
materialise	5
meat	5
mec	5
mecanique	5
mechanisms	5
medicus	5
medimop	5
medisch	5
medizinisches	5
medos	5
meer	5
meeresforschung	5
mehr	5
mehran	5
meiko	5
meister	5
mejia	5
melody	5
melt	5
memories	5
means	5
meadows	5
mea	5
mayfield	5
materialprufungs	5
materiaux	5
math	5
matson	5
mattson	5
mau	5
maura	5
maxine	5
mcarthur	5
mdc	5
mccarty	5
mccord	5
mcd	5
mcdowell	5
mcgowan	5
mcleod	5
mcnamee	5
mcwilliams	5
kratos	5
